skipped_days,ranking_months,holding_months,mean,t_statistic
0,3,3,0.0032,1.10
0,3,6,0.0058,2.29
0,3,9,0.0061,2.69
0,3,12,0.0069,3.53
0,6,3,0.0084,2.44
0,6,6,0.0095,3.07
0,6,9,0.0102,3.76
0,6,12,0.0086,3.36
0,9,3,0.0109,3.03
0,9,6,0.0121,3.78
0,9,9,0.0105,3.47
0,9,12,0.0082,2.89
0,12,3,0.0131,3.74
0,12,6,0.0114,3.40
0,12,9,0.0093,2.95
0,12,12,0.0068,2.25
5,3,3,0.0073,2.61
5,3,6,0.0078,3.16
5,3,9,0.0074,3.36
5,3,12,0.0077,4.00
5,6,3,0.0114,3.37
5,6,6,0.0110,3.61
5,6,9,0.0108,4.01
5,6,12,0.0090,3.54
5,9,3,0.0135,3.85
5,9,6,0.0130,4.09
5,9,9,0.0109,3.67
5,9,12,0.0085,3.04
5,12,3,0.0149,4.28
5,12,6,0.0121,3.65
5,12,9,0.0096,3.09
5,12,12,0.0069,2.31
