series,mean_monthly,t_statistic,compound_annual,months
winners_minus_losers_gross,0.012759216961630928,2.839488382668409,0.15501490758306313,70
winners_minus_losers_after_paper_0.5pct_cost,0.009345336987430888,2.0771956429232326,0.10906921833463801,70
winners_long_only_gross,0.025234005937107035,3.0720693810139723,0.3128445046995154,70
winners_long_only_after_indian_costs,0.02453391185382059,2.9875635985464863,0.3020955740151039,70
nifty_500,0.011249871118559983,2.2272875756958435,0.13181377605898037,70
winners_after_costs_minus_nifty_500,0.013284040735260612,2.4284450230536745,0.15755715375892865,70
equal_weighted_all_shares,0.024253715766522008,2.938486732087625,0.2977185033613994,70
winners_after_costs_minus_equal_weighted_all_shares,0.00028019608729858457,0.07256592102085892,-0.0027996570158614897,70
nifty_500_equal_weight,0.016246986166734496,2.5905521724639926,0.19423417749356897,70
winners_after_costs_minus_nifty_500_equal_weight,0.008286925687086097,2.3178712497503406,0.09842963458052156,70
