calendar_month,mean,t_statistic,fraction_positive,years
1,0.017012338134899697,1.4127237219159998,0.6666666666666666,21
2,0.02321343909140126,2.986713103999586,0.7619047619047619,21
3,0.04542993134080858,4.802246556882157,0.8095238095238095,21
4,-0.027818812891178914,-1.458006451023744,0.5238095238095238,21
5,0.003385660516062479,0.1398857597947537,0.6666666666666666,21
6,0.006311145373260426,0.3812262367159344,0.7142857142857143,21
7,0.03737242847121219,5.907879143498535,0.9523809523809523,21
8,0.02432490439854807,2.125905726904863,0.7619047619047619,21
9,0.008079899074294735,0.9895734285779995,0.5714285714285714,21
10,0.041972925027550276,3.652492665435516,0.9,20
11,0.017216395412068396,1.3309251386146264,0.8,20
12,-0.011333057974488277,-0.9550056545772628,0.5,20
all,0.015424316678707178,3.812663795685203,0.7188755020080321,249
