event_month,monthly_mean,monthly_t,cumulative_mean,cumulative_t,cohorts
1,0.010661035450961207,2.1490934509537793,0.010661035450961207,2.288522260139157,254
2,0.018400056034868956,3.927058868246357,0.028889892547762953,3.4794624081734242,253
3,0.01952089566699171,3.949647579327939,0.04788422074017996,3.867719347005781,252
4,0.017621145636165483,3.944980405530916,0.06526408879124576,4.057645444213118,251
5,0.014527105595319159,3.1422475838843695,0.07940658732979745,3.987084396774412,250
6,0.01347995499635961,2.7174384601269748,0.09231587252865166,3.843081931086052,249
7,0.013781929684955242,2.8779679413714376,0.10663408981099347,3.8088683691437657,248
8,0.013161561082467665,2.934538225155724,0.1200355852895206,3.810700422069098,247
9,0.007577731714646514,1.5975222573818992,0.12807240722252183,3.6694907362852245,246
10,0.0035497503499851532,0.7439882243638781,0.13162472604479256,3.459877020119516,245
11,0.005065186748455081,1.1418349595012984,0.136279898753372,3.31289135217163,244
12,0.0020984672059359455,0.4872017136698068,0.13784429637414575,3.2011584666464974,243
13,-0.0027331626240598744,-0.7696386426564212,0.13475044627988936,3.0039420664412706,242
14,-0.0023043425356397123,-0.6856231817805702,0.1318063330083989,2.8186190331644596,241
15,0.0005398121810639132,0.17333585308263855,0.1318772185389452,2.7303850655870647,240
16,-6.315352798410276e-05,-0.01884809406627899,0.13120870942756083,2.6676967634671134,239
17,-0.00038629310978296447,-0.11615136395216714,0.13062344390965624,2.6087809478520523,238
18,-7.97126597338681e-05,-0.02662727132577316,0.13030931501429768,2.5369270508780284,237
19,0.0027173230598930356,0.8101243872181642,0.1328343466309983,2.501740479227563,236
20,0.00168374705377715,0.46547251418249697,0.13463979811697896,2.447992894586494,235
21,-0.001758082349882439,-0.38536620165689467,0.13274545985080918,2.2790910862626026,234
22,-0.004019051273134086,-0.8392079567214873,0.12911418894742674,2.0833011293034644,233
23,-0.001453154145106289,-0.3565497143854491,0.1276547492758678,1.9575261287434016,232
24,-0.0007678748163180444,-0.20518013113265396,0.12700455034289804,1.849749739591924,231
25,-0.0028720244060686686,-0.9173630157768561,0.12443100688071844,1.7234816638132533,230
26,-0.0033488276205117687,-1.1354775543059286,0.12050431270607734,1.6087588945830342,229
27,0.0003706351805810186,0.11114795462642221,0.1201569901686629,1.549003497005507,228
28,0.0008015621640532284,0.2666922678371526,0.12074512722091,1.5100691479438952,227
29,-7.079706418166836e-05,-0.018705724595260268,0.12044618364805189,1.4512954943744458,226
30,-0.0015985355239299765,-0.42859663415366717,0.11828970488322503,1.3680291757669376,225
31,0.0022927325587622626,0.5351922803554168,0.12009826469483563,1.3363190601960349,224
32,0.0028006858682968535,0.674580166244305,0.12313210621521212,1.314218189326834,223
33,0.0010404213541791339,0.27585656460700836,0.12437659161081112,1.275997809007829,222
34,-0.001074412223318686,-0.28293433135234,0.12220291996424526,1.2139905385678624,221
35,0.000338394837898869,0.08804377991872114,0.12115207873902241,1.168839925783922,220
36,0.0008377152329100518,0.20824861726174512,0.12041528065906182,1.1357346868018643,219
