date,symbol,close,daily_return,traded_value
2021-10-22,3IINFOLTD,31.0,2.6686390532544384,2986740.25
2022-09-08,4THDIM,21.85,2.0347222222222223,23035.0
2023-01-23,4THDIM,25.85,-0.7959747434885556,11126185.0
2016-10-10,8KMILES,817.8,-0.5921502132010075,258302355.2
2005-02-09,AARTIIND,126.4,-0.6537460621832626,2344622.0
2023-01-30,AARTIPHARM,288.25,-0.6130353067525842,101263886.25
2020-07-14,AARTISURF,478.8,-0.7341845940319223,2716452.6
2005-05-04,ABANLOYD,373.1,-0.7933135750491649,45213359.0
2017-09-01,ABCAPITAL,237.5,-0.8183973084569506,1130267160.1
2025-05-22,ABFRL,89.85,-0.6659230340211935,3245157092.35
2016-01-20,ABIRLANUVO,882.15,-0.5729224661712378,5491142253.4
2021-11-25,ABSLBANETF,37.29,-0.9000750308162281,1848396.68
2021-11-25,ABSLNN50ET,44.48,-0.89908111174135,4074725.6
2023-05-10,ACL,57.6,10.636363636363637,1419548.4
2015-06-03,ADANIENT,109.75,-0.8277080062794349,5886804680.75
2018-11-05,ADANIGAS,75.6,-0.6416212372600143,122729359.6
2018-06-18,ADANIGREEN,31.5,-0.7920105645427533,210843973.3
2015-07-31,ADANITRANS,27.6,-0.9566718995290424,28158644.3
2015-09-16,AEGISCHEM,80.6,-0.9010557328750307,10060072.3
2010-12-31,AGRE,104.1,-0.7760808776080877,11270559.6
2014-01-28,AGRITECH,35.15,2.4126213592233006,72797.5
2026-04-06,AHLWEST,143.85,13.385,207404.3
2005-09-22,AHMEDFORGE,156.25,-0.6814475025484199,19577726.55
2007-02-14,AICHAMP,233.65,22.365000000000002,533984742.1
2022-12-16,AKG,33.95,-0.5352498288843257,278933.2
2007-07-31,ALCHEM,90.65,8.065000000000001,18001400.4
2011-04-11,ALEMBICLTD,24.9,-0.6460554371002132,15785536.35
2007-11-26,ALKYLAMINE,109.5,11.032967032967033,11512385.45
2009-11-19,ALLCARGO,175.45,-0.806346578366446,11105550.25
2025-11-12,ALLCARGO,11.88,-0.6492471213463241,57750887.53
2020-02-19,ALOKINDS,16.85,4.106060606060606,29236674.8
2024-05-10,ALPL30IETF,27.09,-0.8985735145456588,36027496.94
2005-09-16,AMAR,56.2,1.0071428571428571,2902966132.85
2007-09-19,AMARAJABAT,146.0,-0.7932304206203087,53429302.45
2025-04-25,AMIORG,1069.8,-0.5142792281498297,372625865.1
2010-01-08,AMLSTEEL,9.95,1.6533333333333333,163813.7
2005-09-08,AMTEKINDIA,107.75,-0.791525587694689,125737754.65
2012-08-07,AMTL,22.8,-0.5611164581328201,110125.0
2006-01-27,ANSALINFRA,438.6,34.088,14732618.8
2006-01-06,ANTGRAPHIC,0.6,-0.8928571428571428,1019976.6
2008-07-11,APOLLOSIND,51.55,-0.9005881785748723,10280725.35
2008-10-22,AREVAT&D,182.95,-0.8026535785556335,19289845.0
2026-04-20,ARIHANT,907.55,21.8890290037831,664157.85
2008-01-15,ARROWGROUP,84.55,-0.8949689440993789,351794.35
2020-01-24,ARTEMISMED,225.75,3.5652173913043477,23241.5
2018-11-28,ARVIND,108.6,-0.6508599903552483,10921157451.95
2015-08-26,ARVINFRA,53.25,-0.7623298370899353,524548.75
2005-09-01,ASAHIINDIA,79.9,-0.503880782365725,22411245.8
2006-03-23,ASHAPURMIN,239.4,-0.7953496324157976,13738025.0
2009-12-08,ASHCO,1.3,-0.8930041152263375,103324.0
2023-02-09,ASMS,13.2,2.105882352941176,1234349.1
2013-06-17,ASTERSILI,13.1,1.4259259259259256,67870.85
2006-06-15,ASTRAIDL,654.35,-0.7799949567117761,808988.7
2005-10-07,ASTRAMICRO,267.25,-0.8949757334014501,35138652.7
2017-12-29,ASTRON,120.75,1.415,748743750.5
2023-08-10,ATL,45.55,-0.8682955038311406,9600824.95
2010-11-08,ATLANTA,99.95,-0.7987718945037245,145493800.65
2024-12-27,ATLASCYCLE,66.15,12.23,1859571.0
2024-03-01,AUTOIETF,21.27,-0.8974643270343232,12664321.59
2020-07-23,AXISGOLD,52.35,-0.9880126399670262,18020462.25
2020-07-23,AXISNIFTY,136.8,-0.8799789436743288,570344.57
2005-02-24,BAGYAMETAL,27.55,-0.7980945401245878,7693009.55
2008-05-26,BAJAJ-AUTO,604.75,-0.7121677256609791,2481244757.9
2011-05-05,BAJAJCORP,114.7,-0.7990539593552908,9409840.0
2008-05-26,BAJAJFINSV,509.1,-0.7576925822802885,1726368167.7
2024-09-16,BAJAJHFL,165.0,1.3571428571428572,99832840785.87
2008-03-14,BAJAJHLDNG,778.35,-0.6295423716713072,2320329789.45
2006-01-27,BALKRISIND,1155.05,56.7525,5206496.85
2005-03-23,BALRAMCHIN,67.0,-0.901651376146789,87923101.35
2011-12-29,BANARBEADS,28.5,2.6686390532544384,57.0
2019-12-19,BANKBEES,329.51,-0.8997520497725855,10166129.78
2026-02-27,BANKNIFTY1,62.6,-0.900944665094862,15523335.06
2025-07-14,BCG,20.71,9.355,169558020.06
2010-01-08,BEARDSELL,41.0,1.0499999999999998,22630.0
2020-12-24,BECTORFOOD,594.2,1.0631944444444446,21269572940.25
2005-03-21,BEPL,35.25,3.8287671232876717,8414299.1
2011-01-14,BFINVEST,123.55,-0.895136649125785,26680425.1
2011-07-28,BGLOBAL,29.9,-0.6353658536585366,2752767855.55
2005-07-20,BHARATFORG,336.65,-0.7889474014168391,312179331.05
2010-09-21,BHUSANSTL,422.15,-0.8037834948523089,397461922.95
2011-02-15,BILENERGY,30.5,-0.8396424815983176,3095811.3
2023-02-23,BINANIIND,11.4,10.4,161166.7
2020-02-10,BIRLATYRE,14.25,-0.7528187337380746,1315687.6
2023-04-19,BLAL,272.65,-0.851736045025694,135995321.85
2005-08-23,BLOWPLAST,116.6,10.95897435897436,36539421.1
2024-02-06,BLSE,366.0,1.7111111111111112,16873384840.2
2010-08-09,BODHTREE,24.5,1.4500000000000002,122.5
2022-10-27,BOHRAIND,68.65,10.441666666666668,75717.7
2020-03-06,BORORENEW,49.85,-0.7359639830508475,934695.35
2018-08-02,BOROSIL,341.35,-0.7099460424013255,390145826.15
2009-03-27,BRANDHOUSE,19.9,-0.8132332238385734,248402717.3
2021-11-25,BSLGOLDETF,43.65,-0.9899624021247974,2611166.35
2021-11-25,BSLNIFTY,19.58,-0.8990461459138953,2249115.91
2021-11-25,BSLSENETFG,56.35,-0.8991408627170216,613488.0
2020-12-14,BURGERKING,135.0,1.25,22858239893.0
2008-01-03,BURNPUR,48.05,3.0041666666666664,6099475802.1
2026-08-11,BURNPUR,21.35,20.35,4941369.21
2006-09-05,BVXL,70.25,6.025,117390183.7
2015-10-06,CADILAHC,425.65,-0.7954785700557371,395212416.05
2008-06-27,CAMBRIDGE,56.7,4.67,631753.1
2008-08-22,CAMLIN,20.3,-0.8970588235294118,4556389.5
2016-10-19,CAPLIPOINT,292.9,-0.7986941580756014,22516449.05
2025-07-14,CAPTRU-RE,0.35,1.9166666666666665,199960.95
2024-09-03,CCCL,11.44,10.44,65173284.36
2008-06-13,CCL,177.6,1.883116883116883,101061.05
2005-08-17,CENTEXT,4.65,-0.6555555555555554,7194.65
2019-10-11,CENTURYTEX,393.85,-0.553559283609159,890987174.85
2016-11-23,CGCL,58.45,-0.7901256732495512,246171.9
2006-03-08,CHEMPLAST,8.75,-0.9043715846994536,7173645.55
2008-04-24,CHI,100.6,-0.5179683756588405,289068872.65
2012-06-13,CINEPRO,14.4,-0.5450236966824644,222278.3
2019-04-11,CKFSL,66.5,-0.6619217081850534,1475463.5
2026-01-30,CLCIND,8.96,6.344262295081968,535.92
2026-02-27,CONS,11.89,-0.9011308830866456,1507902.6
2005-03-29,CONSOFINVT,48.05,3.8049999999999997,240208921.05
2013-02-25,COREEDUTEC,110.5,-0.6239578015994556,2296018446.7
2007-06-06,COREPROTEC,142.05,-0.7601924537857685,236470936.45
2008-10-13,COREPROTEC,59.85,-0.583941605839416,1943821262.25
2014-01-14,COROENGG,53.7,-0.839605734767025,2685.0
2006-01-02,COROMNFERT,72.65,-0.7960415496911847,30688759.8
2010-10-06,CPIL,628.15,1.0262903225806452,12900519269.9
2005-11-02,CRANESSOFT,104.65,-0.8963912677590218,4263528.95
2006-08-10,CROMPGREAV,218.75,-0.7896027700298163,63344347.9
2016-03-15,CROMPGREAV,44.0,-0.716677398583387,3801656951.15
2011-11-03,CRONIMET,31.75,-0.7999369880277253,2417564.6
2007-02-07,CTE,100.9,1.655263157894737,2683155871.8
2008-01-25,CUBEXTUB,66.9,39.545454545454554,1338.0
2025-03-24,CURAA,24.61,7.258389261744966,2190.11
2017-02-07,DAAWAT,50.7,-0.8921620759332128,137946942.6
2006-01-19,DABUR,108.05,-0.5109753337859244,216617070.7
2005-10-27,DALMIACEM,152.15,-0.7899930986887509,32910889.45
2010-09-24,DALMIACEM,77.3,-0.7093984962406015,22463055.8
2022-09-08,DBOL,168.1,-0.5333148250971682,87249945.15
2025-12-26,DCMSRIND,54.52,-0.683317843866171,886688.44
2005-10-07,DCMSRMCONS,112.15,-0.8950102976970604,36433761.8
2005-09-20,DCW,12.9,-0.8030534351145038,46121388.2
2019-06-18,DGCONTENT,15.2,-0.6796628029504742,540258.0
2011-03-18,DHUNINV,61.35,-0.6390114739629302,1823664.4
2023-09-18,DIACABS,23.3,10.948717948717949,37292.3
2024-01-10,DIGIDRIVE,98.4,-0.9269758812615956,36753638.25
2021-10-18,DIGJAMLMTD,17.25,2.5567010309278353,2561.1
2005-10-21,DISHMAN,135.85,-0.8046728971962617,13055420.85
2017-03-21,DMART,641.6,1.1458193979933111,52052585777.75
2017-12-11,DNAMEDIA,9.5,-0.7375690607734806,558072.5
2017-04-21,DOLLAR,1379.7,7.732278481012658,58153435.2
2023-08-21,DOLPHIN,114.45,10.445,18306.55
2008-04-21,DPSCLTD,619.55,10.132973944294699,928211.55
2008-06-13,DPSCLTD,499.1,-0.5875888282928441,34668.5
2026-08-03,DSKULKARNI,9.03,8.03,531.91
2013-07-05,DUNCANSLTD,23.65,1.5567567567567564,23836.45
2006-09-14,DYNAMATECH,1163.3,83.60363636363635,862764.15
2011-04-07,DYNASYS,2.25,1.3684210526315792,788057.55
2012-10-09,DYNATECH,4.0,3.2105263157894735,44888.0
2025-08-18,EASTSILK,25.2,11.6,4059.6
2009-03-02,EDSERV,137.7,1.295,4394706163.8
2006-01-13,EDUCOMP,284.05,1.2724000000000002,4601801354.55
2005-05-27,EIDPARRY,125.15,-0.7931062985617457,40647282.7
2006-09-12,EIHOTEL,120.85,-0.8511882773057505,374651348.25
2007-08-20,ELECTHERM,484.0,7.066666666666666,50744787.45
2026-04-20,ELPROINTL,102.5,2.3772652388797364,3443159.38
2010-07-28,EMAMIINFRA,104.8,-0.7964455666699038,2274277212.7
2010-05-06,ENGINERSIN,461.3,-0.7999956643326324,385662270.8
2006-12-04,ENKEI,159.1,-0.5171471927162368,1229747.4
2008-09-17,ERAINFRA,94.25,-0.8011603375527426,25172507.95
2026-09-04,ESDS,908.4,1.1174825174825176,13115874910.25
2008-03-11,ESSARSHIP,177.7,33.84313725490196,20473236.05
2011-11-15,ESSARSHPNG,29.1,-0.693522906793049,4987875.35
2006-06-08,ESSELPACK,66.5,-0.8127815315315315,7783680.0
2018-06-20,ESSELPACK,120.95,-0.5099270664505673,16150935.7
2005-06-13,ESTL,53.95,4.3950000000000005,388700249.85
2005-02-09,ETCNET,50.95,4.095000000000001,70664717.4
2005-04-27,EVEREADY,84.8,15.96,710329736.85
2007-08-01,EVERONN,477.35,2.4096428571428574,5310267220.4
2018-01-23,EXCEL,38.45,-0.6504545454545454,357162.55
2022-09-28,EXCEL,0.65,-0.9261363636363636,40218.1
2017-12-04,FARMAXIND,0.05,-0.95,178866.65
2005-09-21,FCSSOFT,178.5,2.57,3269579507.8
2005-09-15,FEDDERLOYD,92.05,22.30379746835443,40103761.75
2013-08-01,FINANTECH,191.65,-0.6449939798092063,6723290487.95
2024-05-10,FMCGIETF,57.63,-0.8985619488497351,11714748.2
2013-10-17,FOURSOFT,13.8,-0.6725978647686832,224760.6
2016-05-11,FRL,19.0,-0.8742138364779874,33974711.2
2016-05-11,FRLDVR,13.75,-0.8958727754638395,1567189.45
2005-04-20,GABRIEL,180.95,4.229768786127167,548753.15
2005-12-30,GABRIEL,30.7,-0.8977007664111962,21528187.65
2006-01-06,GAEL,20.35,-0.7965,10966484.75
2016-10-13,GAL,13.4,-0.8899383983572895,44424447.15
2009-10-26,GAMMNINFRA,21.95,-0.7926310817194142,18942736.25
2005-03-15,GAMMONIND,259.6,-0.7900525677315002,82270308.3
2017-07-28,GANGESSECU,73.05,-0.80659253375695,16027723.85
2007-04-03,GARWALLROP,80.4,3.7294117647058824,3195263.9
2022-03-22,GATEWAY,72.35,-0.7419297306937757,7957479.15
2018-06-28,GAYAHWS,10.4,-0.9521398987574782,227658.5
2007-02-08,GBN,505.9,1.0236,8986621062.75
2008-02-21,GBN,226.85,-0.7961265390491598,92358872.0
2015-02-16,GENUSPAPER,4.8,-0.7318435754189945,48838.1
2005-02-18,GEOINFO,131.3,-0.8950019992003199,11088061.15
2006-09-26,GEOJIT,25.5,-0.9080252479711451,91070349.8
2005-08-02,GEOMETRIC,119.7,-0.7829555757026292,36367324.1
2006-11-27,GESHIP,222.8,21.28,1333230045.3
2019-08-06,GFLLIMITED,95.95,-0.8910711244820344,3153351.3
2023-06-12,GHCLTEXTIL,68.4,-0.8740911182696732,50362084.0
2009-07-20,GKWLIMITED,137.4,2.6015727391874184,225319.5
2013-04-12,GLFL,1.8,-0.9769230769230769,1800.0
2020-12-07,GLOBAL,50.15,-0.7441326530612244,2803635.75
2007-09-28,GMRINFRA,173.95,-0.795749427581753,1771515954.4
2022-03-24,GODHA,16.65,-0.8953817153628653,20717499.05
2026-08-28,GOLDADD,15.36,-0.8995947182638253,33824738.08
2007-03-19,GOLDBEES,947.8,8.478,63128585.34
2019-12-19,GOLDBEES,33.55,-0.9900136921062032,55981467.15
2005-08-29,GOLDIAM,67.55,-0.5169824812298891,12150799.3
2021-03-25,GOLDSHARE,40.45,-0.989992082735415,28968456.2
2012-10-16,GREENFIRE,3.35,-0.524822695035461,14915633.35
2015-03-02,GREENLAM,486.15,-0.5615925692127334,20614578.75
2019-10-23,GREENPANEL,40.45,-0.7598693974473137,1441751.4
2021-07-19,GRINFRA,1747.1,1.087335722819594,23984898101.3
2026-02-06,GROWWGOLD,14.81,-0.9010820197702378,136282352.16
2026-02-06,GROWWSLVR,23.03,-0.9050661610124078,340535115.1
2013-05-15,GSCLCEMENT,21.25,1.125,186511.25
2011-06-20,GTL,127.95,-0.6217853975761158,7481514990.95
2006-11-09,GTLINFRA,43.5,3.3499999999999996,1060915739.6
2006-05-18,GTNTEX,46.55,3.6549999999999994,25059774.7
2006-12-21,GTOFFSHORE,726.85,71.685,2542845885.75
2005-06-20,GUJAMBCEM,59.35,-0.8685638356771122,158605384.6
2005-10-10,GUJFLUORO,401.95,-0.7954869237814186,113809258.05
2019-01-15,GUJGASLTD,143.3,-0.7858797161001121,443524888.3
2007-11-08,GULFOILCOR,281.65,-0.8068916008614502,14106841.6
2016-12-27,GULPOLY,74.1,-0.8004040404040405,3546960.9
2022-08-12,GVKPIL,5.7,4.7,7924587.4
2005-07-11,HANILERA,41.4,14.923076923076922,6260666.35
2020-09-17,HAPPSTMNDS,370.95,1.2346385542168674,19410997263.0
2026-04-20,HAWKINCOOK,7573.6,203.1401617250674,2746057.97
2009-11-24,HBLPOWER,40.15,-0.9004833312678151,8668586.2
2018-07-26,HBSL,10.9,-0.6726726726726726,23879.4
2010-11-08,HCIL,52.9,-0.8960911412296209,6038296.55
2005-07-08,HCL-INSYS,166.95,-0.7883091358650859,21244091.85
2023-10-20,HDFCLOWVOL,15.15,-0.9008507853403142,288472.34
2021-02-17,HDFCMFGETF,41.8,-0.9901461574728901,64424595.0
2023-10-20,HDFCMID150,15.03,-0.9008509796160696,3674728.0
2023-10-20,HDFCMOMENT,22.88,-0.9018994125970072,1889724.89
2023-10-20,HDFCNEXT50,44.85,-0.9009277667329357,1602861.06
2023-10-20,HDFCNIF100,19.73,-0.9004239426668013,2435220.74
2024-02-02,HDFCNIFBAN,46.62,-0.9004548075075267,10766791.0
2021-02-17,HDFCNIFETF,162.44,-0.9002321610632731,8956135.33
2024-02-02,HDFCNIFIT,38.09,-0.897813547954393,3933119.26
2024-02-02,HDFCPVTBAN,23.59,-0.9005899705014749,5497016.64
2021-02-17,HDFCSENETF,559.43,-0.9006972475761417,6545361.06
2024-02-02,HDFCSENSEX,78.9,-0.9001278464829559,6304371.16
2026-07-03,HEALTHADD,16.72,-0.8973855406898245,6818464.81
2024-10-18,HEG,496.35,-0.8068977591036415,524072151.85
2026-09-07,HEG,272.2,-0.6262272571232407,962419933.85
2005-10-27,HELIOSMATH,195.4,-0.5169941910765048,8277682.9
2020-10-22,HEMIPROP,92.15,-0.7840909090909091,23642929.45
2024-10-11,HERCULES,199.5,-0.7061422889969067,24593463.2
2005-04-28,HEXAWARE,140.15,-0.8022435445181317,95632180.75
2005-10-14,HIMATSEIDE,133.9,-0.7497663988039619,23008551.0
2005-08-30,HINDALC0,141.95,-0.897671568627451,232653925.55
2005-11-08,HINDCONS,99.95,-0.8994770190083475,55500391.3
2005-12-30,HINDSANIT,88.1,-0.5984503190519599,5516720.35
2006-11-21,HINDZINC,871.1,58.66438356164384,64510282.15
2005-03-16,HITECHGEAR,203.2,-0.52490063128361,12361334.05
2019-12-19,HNGSNGBEES,366.11,-0.8862659210935073,986559.45
2008-01-25,HORIZONBAT,82.3,1.4205882352941175,444420.0
2008-06-13,HORIZONINF,1857.0,4.667633145124371,1028290.2
2006-09-08,HOTELEELA,70.0,-0.7624703087885986,478477077.45
2019-08-19,HSIL,61.75,-0.7336640069010136,50608505.5
2022-12-06,HYBRIDFIN,12.6,11.0,5682.0
2012-07-30,IBIPL,4.2,-0.9331742243436754,709461.15
2008-04-02,IBSEC,98.6,-0.8993363961204697,3062488866.05
2011-08-18,IBWSL,7.55,-0.9495320855614974,2302880.7
2021-10-28,ICICI500,25.45,-0.9005043199499589,10189363.15
2022-09-01,ICICIBANKN,39.45,-0.9005044136191677,12054759.24
2018-11-15,ICICIGOLD,28.45,-0.8978639382516604,3881432.25
2022-08-12,ICICIMOM30,18.89,-0.8987782659950702,2842794.7
2018-11-16,ICICINXT50,29.93,-0.8902979877579444,1213061.69
2022-09-01,ICICITECH,28.89,-0.901573998364677,36449046.45
2016-11-11,ICIL,150.05,-0.8123905976494123,176418394.95
2007-04-13,ICRA,803.25,1.434090909090909,13569083649.4
2005-08-12,IDFC,69.5,1.0441176470588234,16674988173.65
2015-10-01,IDFC,60.35,-0.5721375398794755,6559981374.0
2015-11-06,IDFCBANK,70.4,-0.5008862105636299,1595266163.2
2022-12-27,IEL,14.8,-0.7333333333333334,1588227.6
2016-06-09,IGOLD,288.35,-0.8947243519532676,2477309.5
2019-05-30,IIFL,199.5,-0.522098454904779,7582615.0
2019-09-20,IIFLSEC,23.1,-0.9446640316205533,1665121.7
2019-09-19,IIFLWAM,1270.5,2.0434782608695654,2253557659.55
2005-10-07,IMPAL,334.5,2.345,638458185.1
2005-02-03,IMPEXFERRO,23.6,1.3600000000000003,450701579.35
2008-06-13,IMPEXFERRO,31.3,2.13,1343940.4
2007-01-02,INDIABULLS,305.45,-0.5375123022181847,2944193235.25
2005-07-01,INDIAGLYCO,137.6,3.6020066889632103,7032810.15
2026-09-02,INDIAGLYCO,236.2,-0.7875326077179096,26332106.7
2008-08-08,INDIAINFO,151.15,-0.7932425962656453,181643886.8
2021-02-02,INDIGOPNTS,3117.15,1.092046979865772,33962446981.6
2011-11-02,INDOTHAI,23.15,-0.6871621621621622,2889005231.55
2005-04-29,INDSWFTLTD,58.5,-0.8017285205897305,9362184.0
2011-03-11,INDTERRAIN,83.55,1.551145038167939,4442928.9
2017-08-31,INFIBEAM,149.65,-0.8982180507379446,2460748476.45
2018-09-28,INFIBEAM,58.45,-0.7082605440479162,13565317193.1
2021-03-18,INFIBEAM,43.25,-0.5717821782178218,1646801175.8
2022-03-14,INFIBEAM,21.5,-0.5195530726256983,303241149.85
2006-10-12,INFOMEDIA,162.85,15.285,132504409.35
2006-07-13,INFOSYSTCH,1681.95,-0.5032120863054361,2391584485.35
2006-07-28,INFOTECENT,189.05,-0.644743023583576,39694565.3
2014-12-18,INTELLECT,72.7,-0.7068548387096774,64336070.25
2005-01-28,IPCALAB,414.1,-0.5085158150851581,11073222.0
2019-10-14,IRCTC,727.75,1.2742187500000002,31368533853.45
2006-04-20,ISPATIND,22.9,1.29,318325217.2
2005-09-21,ITC,140.2,-0.9273424543946932,3184758661.2
2015-08-21,ITDCEM,81.3,-0.9005990952439173,15121644.3
2006-03-29,IVRCLINFRA,297.9,-0.8000939471211919,1419326987.55
2026-04-30,IVZINGOLD,130.25,-0.9898106462123375,9481293.8
2026-07-31,IVZINNIFTY,280.58,-0.8993077362004802,946525.65
2007-10-05,JAICORPLTD,804.8,-0.9474985485123066,43608892.8
2006-04-13,JAYAGROGN,89.25,-0.5110928512736237,2213760.7
2005-04-05,JBCHEPHARM,86.5,-0.808585970347422,19560435.0
2005-03-14,JDORGO,4.25,1.8333333333333335,425.0
2008-09-02,JDORGOCHEM,15.45,3.12,2812978.5
2012-06-04,JDORGOCHEM,3.75,-0.5562130177514792,187.5
2007-03-08,JIK,20.9,1.0899999999999999,11933.9
2008-11-26,JIKIND,10.25,2.4745762711864403,71640.05
2005-04-07,JINDALPHOT,239.65,22.965,672110073.1
2009-09-14,JINDALSTEL,575.0,-0.8294451777477865,2250926137.45
2005-06-21,JINDALSWHL,278.55,26.855,733129533.2
2006-12-22,JINDRILL,583.15,57.315,84249472.85
2007-11-26,JMCPROJECT,512.55,24.00243902439024,2835062.35
2008-09-08,JMFINANCIL,67.35,-0.9519683354728284,10786898.45
2008-10-08,JOCIL,42.55,3.255,21556.45
2015-11-19,JSL,22.05,-0.6086956521739131,1885856.85
2017-01-04,JSWSTEEL,163.05,-0.9008543370526891,390037012.1
2005-03-23,JSWSTL,390.15,38.015,876537542.75
2006-03-17,JUBILANT,239.55,-0.7921024083315252,17059061.45
2021-03-19,JUBLINGREA,268.7,-0.7380070202808112,204827526.25
2008-06-13,KABRAEXTRU,127.0,4.976470588235294,889.0
2005-10-19,KAJARIACER,45.9,-0.8055908513341804,23414423.05
2006-04-13,KALPATPOWR,899.95,-0.5341632589678555,112266000.65
2010-09-08,KALPATPOWR,206.25,-0.7939251636109307,24832489.75
2007-12-31,KANORICHEM,57.2,-0.6497244335578689,438383.1
2020-07-02,KARDA,57.9,-0.7899510248503537,1197599.6
2021-08-12,KARDA,21.1,-0.8950509823427009,15403.0
2011-06-28,KARMAENG,20.9,-0.7471264367816093,2550586.8
2016-11-17,KARURVYSYA,90.9,-0.8002856201252334,71394951.3
2011-01-04,KBIL,1000.1,2.8384187296104395,1005150.5
2006-03-08,KCPSUGIND,67.9,-0.9015442615819619,37263494.95
2006-03-10,KEC,421.85,41.185,2195374427.85
2006-02-07,KECINTL,59.7,-0.8346947251834418,1282856122.95
2010-05-13,KESARENT,57.25,-0.5585967617579028,29092110.8
2025-03-10,KESORAMIND,9.71,-0.9525693630324346,4248527.33
2008-06-13,KEYCORPSER,128.9,2.8192592592592596,257.8
2009-04-28,KEYCORPSER,43.05,-0.5714285714285714,21995.25
2011-01-14,KICL,966.85,2.4267233740917953,7918044.4
2010-06-24,KIRLOSIND,429.4,-0.5098173515981735,442408875.7
2005-08-10,KIRLOSOIL,141.4,-0.796576032225579,89453961.9
2008-04-04,KNL,19.5,-0.8957776590058792,38491048.5
2016-12-13,KNRCON,170.25,-0.7882857675806753,27914910.5
2005-08-25,KOTAKBANK,202.75,-0.563743948359333,33199501.2
2015-04-13,KOTAKGOLD,254.9,-0.8952085346050278,10316110.45
2021-07-22,KOTAKGOLD,41.75,-0.9004411589364493,17609697.85
2017-07-27,KOTAKNIFTY,101.18,-0.8998118625606496,21502371.16
2026-04-20,KOVAI,5487.9,1.1298585372479768,4981342.7
2005-03-03,KPIT,341.65,-0.5060005783689995,29932807.4
2007-01-04,KPIT,141.25,-0.7947246039819793,120856033.65
2012-03-13,KPIT,85.15,-0.5426960257787325,65720367.55
2019-04-22,KPITTECH,103.95,-0.5201938610662359,108019995.75
2010-02-10,KRBL,28.65,-0.8820987654320988,343978465.45
2024-10-03,KRN,478.79,1.176318181818182,16173296589.03
2010-05-19,KSL,89.25,-0.6836788942052099,532888715.1
2005-01-13,KTKBANK,91.6,-0.5149589621392641,379883386.0
2010-06-30,LAKSHMIFIN,33.0,1.75,18660.0
2026-08-17,LANCER,11.07,-0.9260521042084169,2342163.77
2021-11-23,LATENTVIEW,488.75,1.4809644670050761,14426378179.75
2006-12-13,LAXMIMACH,3630.8,-0.8954526149083972,62474065.5
2005-03-14,LCCINFOTEC,2.1,-0.791044776119403,799387.3
2021-03-31,LCCINFOTEC,5.45,1.725,264092.05
2008-08-01,LGBFORGE,5.4,-0.7985074626865671,34247322.95
2005-10-13,LIBERTSHOE,277.0,-0.5229484198742789,7080910.75
2026-03-06,LICMFGOLD,143.2,-0.9900567984557486,63362479.9
2024-03-01,LOWVOLIETF,19.67,-0.899350150949189,24587175.05
2008-08-12,LPDC,36.55,-0.8815618924173688,825979863.15
2015-12-01,LUXIND,3509.15,10.539460703715882,74841231.1
2008-10-01,MADRASCEM,107.65,-0.9471630509472857,27190543.0
2010-08-13,MAGMA,80.35,-0.7912173574119787,299059065.4
2026-03-20,MAHAPEXLTD,56.45,-0.5551615445232467,10903823.64
2020-12-23,MAJESCO,12.2,-0.9876223811697864,576376.8
2024-12-27,MAMATA,630.0,1.5925925925925926,1624671779.37
2015-03-30,MANAKALUCO,18.0,-0.8562874251497006,126360.0
2015-03-30,MANAKCOAT,18.0,-0.8562874251497006,67356.0
2015-03-30,MANAKINDST,17.9,-0.8570858283433134,180300.0
2014-12-04,MANAKSIA,47.25,-0.6227544910179641,3411318.5
2015-03-30,MANAKSTEEL,18.0,-0.8562874251497006,366078.05
2006-12-06,MANALIPETC,14.0,1.7999999999999998,65562345.9
2016-09-22,MANDHANA,42.75,-0.6494464944649447,15275709.0
2006-03-27,MASTEK,380.4,-0.5439942459841764,402179741.15
2015-06-12,MASTEK,148.95,-0.659970323022486,40350943.05
2005-01-13,MATRIXLABS,208.15,-0.9016745789933631,524114582.05
2007-03-12,MAX,194.05,-0.7945365027264546,17975827.4
2016-07-14,MAXINDIA,171.0,-0.6374045801526718,629204058.45
2016-06-22,MAXVIL,47.25,-0.8998091603053435,139572259.6
2026-09-01,MBECL,223.65,21.365000000000002,1645041.6
2012-12-21,MBSWITCH,23.7,-0.9046853006233662,5046169.9
2018-06-15,MCDOWELL-N,677.25,-0.8039967586027262,1245059105.3
2005-07-29,MCLEODRUSS,50.5,9.1,267303334.25
2021-08-18,MFL,406.45,1.9399638336347196,38964059.0
2024-08-27,MFML,112.1,1.2761421319796953,1806603.7
2007-05-30,MIC,338.15,1.2543333333333333,6832659615.7
2021-12-20,MICEL,14.85,10.423076923076922,4978515.5
2011-01-20,MID-DAY,8.65,-0.7823899371069183,10532762.55
2026-02-27,MIDCAP,17.22,-0.9008235903933652,6913711.77
2024-05-10,MIDCAPIETF,18.97,-0.8985127327198802,13460670.54
2026-07-03,MIDQ50ADD,24.76,-0.9001572644058228,3077915.08
2024-05-10,MIDSELIETF,15.53,-0.8990115749772403,6391739.34
2016-09-12,MINDAIND,290.7,-0.8089573817895048,48746953.8
2018-07-11,MINDAIND,418.6,-0.6643816396071357,181591990.6
2023-03-29,MIRZAINT,34.65,-0.862962230571485,71064981.9
2006-02-02,MLL,55.35,-0.60841881853555,27241135.75
2024-02-14,MODTHREAD,21.0,1.1,1281.0
2022-08-11,MOLOWVOL,24.2,-0.7996522890967795,336158.13
2022-08-11,MOMOMENTUM,37.38,-0.7999678921175148,8482623.32
2021-06-17,MON100,100.87,-0.9006813572005278,122484543.23
2005-03-01,MOTOGENFIN,14.0,1.014388489208633,1889956.95
2022-03-28,MSUMI,61.95,-0.7361584327086883,1931309747.4
2007-11-27,MUNDRAPORT,962.9,1.188409090909091,26877190537.85
2010-09-23,MUNDRAPORT,165.6,-0.8021505376344086,143480876.25
2006-07-19,MUNJALAU,129.55,11.955000000000002,5337835.5
2026-08-18,MYSORPETRO,114.93,9.216000000000001,10625163.09
2005-08-24,NAGARCONST,225.7,-0.7884822641863081,326936756.0
2012-03-28,NAGAROIL,7.0,-0.7027600849256901,38244902.5
2005-12-22,NAGREEKA,66.9,9.9672131147541,9015800.75
2014-01-28,NATHBIOGEN,21.0,1.0388349514563107,80680.0
2005-08-24,NAVBARFERO,80.3,-0.7918071039668135,43065088.05
2006-09-27,NAVNETPUBL,62.2,-0.8135771017533343,18613670.1
2009-09-08,NAVNETPUBL,42.4,-0.5651282051282052,28736325.65
2016-09-01,NBVENTURES,114.2,-0.5215751989945538,33359070.35
2020-07-30,NDRAUTO,115.5,-0.8088539511791477,105534.0
2009-09-04,NEOCURE,7.65,-0.6490825688073394,22269.15
2019-12-19,NETFNV20,59.42,-0.897420847287919,377691.55
2007-02-02,NETWORK18,367.1,72.42,1215358529.2
2025-12-23,NEUEON,5.76,4.76,361831.68
2013-11-13,NGCT,2.65,-0.624113475177305,4963.8
2013-04-16,NIBL,5.35,-0.8820286659316428,556.4
2006-12-18,NICCO,21.9,9.95,29620012.05
2024-05-10,NIF100IETF,25.32,-0.898990704910839,4726409.14
2019-12-19,NIFTYBEES,130.2,-0.8992681077568199,35256962.4
2007-08-24,NIITLTD,130.3,-0.8594011329916375,64565808.8
2023-06-08,NIITLTD,96.75,-0.7613468179575728,36681200.5
2018-12-28,NILASPACES,3.55,-0.8081081081081081,379604.35
2026-04-20,NIRLON,539.79,384.5642857142857,3183912.76
2015-07-28,NIRVIKARA,87.65,-0.8575491630099139,1065749.85
2006-12-29,NISSAN,130.9,2.3564102564102565,6696900047.4
2007-06-05,NITINFIRE,484.85,1.551842105263158,7697334241.45
2006-03-17,NOVAPETRO,67.75,-0.524561403508772,50664.55
2023-02-20,NSLNISP,31.75,-0.75717017208413,275512036.2
2024-03-22,NTL,3.5,2.5,822885.1
2005-01-05,NUCENT,37.8,17.9,1950901.95
2026-02-27,NV20,15.17,-0.9007523716061498,4168773.4
2024-03-01,NV20IETF,13.82,-0.8983599323380157,19627066.4
2022-11-22,NXTDIGITAL,68.9,-0.8422438465941614,2632958.15
2024-07-01,OCCL,209.5,-0.7412941467028895,32035544.55
2005-08-02,OCL,148.1,-0.7704765594730725,10845783.45
2008-08-08,OCTAV,81.55,-0.8847186881538026,243524438.2
2008-08-01,OISL,22.6,-0.9267660401814647,137184422.45
2011-02-10,OMKARCHEM,46.45,-0.5260204081632653,1455957968.75
2017-06-12,OMKARCHEM,90.4,-0.5387755102040817,3701807.0
2020-11-03,ORCHPHARMA,18.0,2.3027522935779814,13210.3
2011-11-11,ORIENTABRA,13.2,-0.663265306122449,3078746.45
2010-03-03,ORIENTLTD,66.4,1.2508474576271187,55539.45
2013-03-07,ORIENTPPR,14.25,-0.8037190082644627,5777883.75
2018-01-11,ORIENTPPR,52.3,-0.6956648239743963,115633272.2
2008-06-16,PAEL,30.0,1.1897810218978102,101032.3
2017-07-28,PALASHSECU,54.05,-0.5866156787762906,5414879.0
2006-12-12,PANTALOONR,440.8,-0.8022298494739439,119309861.2
2007-05-25,PAPERPROD,73.4,-0.8009761388286334,7901193.65
2021-10-01,PARAS,492.45,1.814,1020580379.9
2005-10-26,PARASPETRO,1.3,-0.8859649122807017,282543.25
2013-03-21,PARRYSUGAR,19.95,-0.62,165478.1
2006-03-28,PASUPATI,22.75,1.275,35272236.9
2016-03-30,PDMJEPAPER,15.9,-0.6159420289855072,254065.8
2008-03-11,PDUMJEAGRO,32.15,-0.789937928781444,38392.75
2009-03-23,PDUMJEPULP,8.1,-0.7896103896103897,124991.85
2010-06-30,PERIATEA,73.75,1.9500000000000002,27615.0
2005-09-23,PERLENGINF,4.75,-0.9045226130653267,976205.1
2018-04-19,PHILIPCARB,236.95,-0.7900310146211785,28215843.55
2026-08-17,PHOENXINTL,32.58,4.385123966942149,184750.05
2005-09-20,PIDILITIND,79.15,-0.893220910623946,49292974.05
2011-10-25,PILANIINV,2280.35,1.9235256410256407,25402130.5
2011-12-23,PIRLIFE,7.55,-0.9244622311155578,5663348.25
2015-09-18,PNEUMATIC,631.85,-0.8574924444043484,6220995.5
2020-03-30,POWERINDIA,714.0,-0.516260162601626,20711780.0
2022-10-19,PPLPHARMA,190.0,-0.9013755515182974,1045055314.35
2005-08-17,PRAJIND,112.7,-0.8949526960898542,350835.1
2012-12-13,PRAKASHCON,16.65,-0.8959375,568560.8
2005-08-19,PRECOTMILL,370.25,8.25625,571507851.85
2005-04-08,PREMAUTO,20.8,3.6222222222222227,1271774.65
2005-06-17,PRIMESECU,32.7,5.540000000000001,293342047.95
2021-05-20,PROINDIA,1.45,2.6249999999999996,9719.4
2012-03-26,PROVOGE,16.35,-0.5205278592375366,391108.35
2023-12-22,PRUDMOULI,29.9,1.9899999999999998,221500.0
2026-07-10,PSUBANK,85.31,-0.8963111516256457,19905336.75
2019-12-19,PSUBNKBEES,27.72,-0.8996815286624203,2529037.06
2017-03-27,PTL,56.45,-0.628129117259552,2025767.1
2007-03-08,PUNJABCHEM,137.15,5.379069767441861,6967197.2
2024-03-01,PVTBANIETF,23.67,-0.8977140140875502,15093512.66
2021-12-16,QGOLDHALF,41.75,-0.979757085020243,4935505.0
2026-02-13,QNIFTY,279.27,-0.9011157102340124,2120789.55
2024-05-10,QUAL30IETF,18.94,-0.8992606776235307,1492290.23
2025-04-15,QUESS,298.2,-0.5070259547032567,19484725.9
2006-01-06,RADICO,155.35,-0.7941429801894918,42594867.3
2011-06-15,RAINCOM,33.85,-0.8102046537706756,13292166.15
2013-01-28,RAIREKMOH,81.95,-0.516519174041298,10127.0
2014-04-15,RAIREKMOH,35.0,-0.65,17534.75
2005-09-09,RAJESHEXPO,156.75,-0.7945744053469628,27632725.75
2008-01-29,RAJESHEXPO,142.05,-0.8287729026036644,294137361.5
2009-09-14,RAMCOIND,66.45,-0.9474537403131424,128049.15
2005-02-24,RANASUG,27.1,6.131578947368422,15070681.75
2005-07-25,RANBAXY,504.25,-0.5147476302747438,269477069.85
2018-03-05,RASOYPR,0.05,-0.95,38324.1
2025-05-14,RAYMOND,551.2,-0.6476379211148756,193700265.4
2008-06-20,RBL,89.6,-0.5240371845949536,158880056.5
2006-02-21,RCAPVL,22.45,1.245,747639090.0
2006-03-06,RCVL,291.5,28.15,11709520267.2
2017-10-03,REIAGROLTD,0.15,-0.85,265650.35
2017-06-05,REISIXTEN,0.3,-0.7,300.0
2007-11-21,RELIGARE,525.3,1.839459459459459,8947326938.9
2006-02-24,RENVL,43.75,3.375,724752283.85
2024-06-26,RETAIL,38.22,1.7319513938527518,2486635.24
2024-09-11,REVATHIEQU,3120.75,1.8543010015091235,69394585.65
2017-09-22,RHFL,107.2,-0.8690766976062531,114416022.7
2023-04-25,RHL,93.45,-0.7332667332667333,2423355.7
2005-03-11,RICOAUTO,63.3,-0.8998496954354877,19691737.05
2009-12-04,RMEDIA,137.7,-0.5937453901755421,3420851451.65
2005-08-30,RML,106.3,9.629999999999999,273950961.05
2006-03-01,RNRL,18.3,2.66,854945431.4
2008-06-13,ROHITFERRO,147.65,3.921666666666667,4881280.25
2020-10-07,ROML,3.6,1.1176470588235294,1086.3
2024-09-20,ROSSELLIND,170.85,-0.7251668945548138,26526276.55
2020-01-27,RUCHI,17.0,4.074626865671641,111570.2
2005-04-21,RUCHINFRA,12.75,-0.9744488977955912,25500.0
2020-12-18,RVHL,29.55,-0.8573153066151618,1061686.35
2016-09-15,SABEVENTS,95.8,-0.7622828784119107,279860.25
2007-11-16,SABTN,113.1,10.309999999999999,3492552.5
2024-04-02,SABTNL,43.3,10.546666666666665,17062.5
2026-02-18,SADHNANIQ,1.66,-0.7040998217468806,579354.94
2005-05-09,SAKSOFT,100.8,2.36,1291535858.05
2017-07-25,SALASAR,262.5,1.4305555555555554,185638629.0
2010-06-29,SAMRUDDHI,484.4,-0.7911168607158258,1049812113.55
2006-06-23,SANGHIIND,53.0,10.777777777777779,231875.0
2006-06-23,SANGHIPOLY,9.5,4.135135135135135,4466772.1
2009-01-07,SATYAMCOMP,40.25,-0.7750768371053367,22600517218.85
2005-03-09,SCANDENT,206.2,19.619999999999997,1072406917.05
2012-03-20,SCHNEIDER,61.75,-0.6868661257606491,74213336.75
2021-12-13,SEJALLTD,13.65,1.73,143.65
2021-10-28,SELMC,4.95,2.6666666666666665,49.5
2011-02-09,SENTINEL,17.4,-0.8689759036144579,2217493.05
2012-07-27,SEPOWER,33.25,-0.8372491434165443,345928.55
2005-02-16,SESAGOA,739.45,-0.5059299101326296,1064155156.9
2008-08-08,SESAGOA,175.75,-0.9468487267888466,1620825709.05
2013-10-24,SFCL,25.65,-0.5588993981083406,7258.95
2015-04-23,SFCL,165.35,1.8435081685296648,2980841.65
2006-02-13,SHAHALLOYS,169.35,-0.5131522207848211,2862707.45
2025-09-24,SHANKARA,242.25,-0.7554265522463403,11302785.75
2005-08-19,SHASUNCHEM,96.4,-0.8007441091360066,40131941.25
2024-09-10,SHEKHAWATI,86.43,40.15714285714286,791180.22
2006-11-21,SHIVAMAUTO,257.15,24.714999999999996,405415664.0
2018-02-26,SHIVAMILLS,95.35,-0.7624564025909317,3560672.45
2009-06-16,SHREE,165.35,2.536898395721925,10154764.05
2008-06-13,SHREEASHTA,503.75,2.1484375,11052984.85
2005-09-23,SHRENUJ,26.05,-0.7897497982243745,3006948.95
2006-06-23,SHREYANIND,30.35,2.3722222222222222,758.75
2015-07-28,SHYAMCENT,9.5,-0.9433512224209899,420007.5
2006-11-06,SHYAMTEL,137.4,12.74,1696261648.05
2008-08-21,SICAGEN,18.3,-0.9208135006490696,360347362.3
2026-04-20,SICAGEN,54.55,1.2402464065708418,236506.15
2023-10-12,SICALLOG,101.85,12.227272727272727,1058643.45
2026-08-17,SIEL,35.07,9.959375,767603.72
2021-11-15,SIGACHI,598.5,2.6717791411042944,871166529.65
2026-02-27,SILVER1,25.75,-0.8968142656782208,303926135.73
2026-08-28,SILVERADD,23.21,-0.8983844840418546,46863699.44
2005-10-10,SINTEX,133.1,-0.8084754298870422,96872797.95
2017-05-25,SINTEX,25.85,-0.7516810758885687,5110046306.55
2025-10-15,SKFINDIA,2266.1,-0.5475401325772702,60455981.2
2016-07-13,SOLARINDS,649.55,-0.7998798447224105,11524579.95
2017-01-10,SPCENET,0.5,-0.6551724137931034,3750.0
2019-01-25,SPENCERS,213.75,-0.7526041666666666,47050689.95
2013-04-10,SPYL,3.85,-0.8984168865435356,114526.65
2005-12-30,SRIADIKARI,21.6,-0.7900874635568513,2929288.6
2013-12-19,STAR,373.75,-0.5763912501416751,553797136.55
2024-12-06,STAR,682.55,-0.5403858455944244,99211226.5
2006-05-05,STER,584.95,-0.7925451740464242,827101106.65
2006-02-02,STERTOOLS,147.75,4.139130434782609,38745133.9
2017-01-09,STERTOOLS,195.4,-0.7940990516332982,15732853.7
2006-06-23,STINDIA,9.95,1.5189873417721516,3829.95
2010-03-09,STRTECH,89.45,-0.7958228714905273,188412011.15
2005-07-13,SUBROS,183.35,4.392647058823529,3772741.55
2025-06-19,SUMEETINDS,55.96,10.443762781186095,3563101.62
2020-01-27,SUMICHEM,200.7,-0.9371673658506042,54901414.95
2011-01-28,SUMMITSEC,192.25,1.0716594827586206,7236585.1
2008-06-20,SUNCLAYTON,289.3,-0.5717246484085863,39931632.0
2018-03-27,SUNDARMHLD,326.8,-0.8263733928381681,278188.75
2005-09-29,SUNFLAG,23.55,7.2631578947368425,27595512.8
2007-07-23,SUNTV,436.6,-0.7517555081734186,365527444.15
2010-03-18,SUPRAJIT,18.05,-0.8946600525240735,1035520.15
2010-08-17,SURANAT&P,20.9,-0.6658673061550759,41037001.1
2005-06-15,SURYALAXMI,294.45,28.445,496822243.05
2006-06-12,SUTLEJINDS,89.45,-0.6056865770332819,3306111.05
2006-12-14,SUTLEJTEX,255.55,24.555,243646417.6
2007-03-23,SUVEN,38.55,-0.7411014103425118,2908377.4
2020-01-21,SUVEN,15.95,-0.9470890694974291,13620880.75
2025-01-21,SWANDEF,37.8,2.78,268304.4
2005-08-12,SWARAJENG,211.95,-0.6565386485172582,4046830.8
2005-10-10,TAJGVK,133.65,-0.8019559902200489,43111795.0
2011-10-19,TAKSHEEL,58.15,-0.6123333333333334,6156376845.8
2020-03-04,TATACHEM,314.95,-0.5652564014079646,1516305326.5
2011-09-12,TATAMOTORS,146.35,-0.8086677997123807,1639947559.7
2010-06-30,TATATEA,121.55,-0.898220640569395,352444946.25
2023-11-30,TATATECH,1313.0,1.626,61140706591.45
2021-07-29,TATVA,2312.2,1.1349953831948292,18115266961.55
2023-04-20,TECILCHEM,21.9,20.9,160865.0
2009-07-15,TELEDATAIT,10.9,-0.8379182156133829,141286421.8
2011-07-01,TELEMARINE,1.3,-0.9806691449814127,5157369.1
2009-01-01,TEXMACOLTD,76.15,-0.8966897300230634,9742990.3
2010-11-01,TEXMACOLTD,65.6,-0.5943104514533086,29228472.45
2011-03-03,TEXRAIL,69.25,-0.5717377860235002,32922342.45
2006-03-31,THERMAX,311.35,-0.7889724820387691,126867096.1
2019-12-05,THOMASCOOK,66.45,-0.5555183946488294,25854248.25
2016-03-16,TIDEWATER,7117.75,-0.7574029134486261,292689776.4
2021-07-26,TIDEWATER,3127.15,-0.790000839419122,3477390.8
2017-11-02,TIINDIA,266.15,-0.6644604135148765,30591061.65
2011-10-14,TIJARIA,18.6,-0.69,2634995462.8
2024-03-26,TIL,157.15,-0.7181671449067432,157.15
2006-01-27,TINPLATE,79.2,9.490066225165563,4170414.2
2022-10-06,TIPSFILMS,427.5,-0.7635705002350469,5243631.4
2023-04-21,TIPSINDLTD,161.35,-0.9040297397769517,61133058.65
2006-02-20,TORNTPHARM,239.8,-0.7541269353019584,22483002.5
2006-11-28,TORNTPOWER,71.0,6.1,808861067.55
2026-04-20,TRANSPEK,1136.82,154.72876712328767,1127547.92
2008-07-02,TREADS,6.4,-0.7552581261950286,20003000.6
2018-12-28,TREJHARA,66.45,-0.6889044943820224,160704.45
2023-08-10,TREL,36.15,-0.8954749168714761,89376640.2
2017-09-28,TRIL,31.8,-0.8964000651571917,13060705.0
2011-10-28,TRITURBINE,37.7,-0.6216758655293527,28985238.0
2011-05-03,TRIVENI,39.9,-0.5995985950827898,315541084.8
2006-12-27,TV-18,616.25,122.25,2289535727.95
2015-04-23,TWL,114.45,-0.8061319556195478,104414418.7
2024-04-16,UEL,27.1,11.044444444444444,66038.55
2024-05-27,UEL,160.95,2.6746575342465753,131996.7
2005-09-27,UNIPHOS,215.9,-0.7817097214498762,150297014.05
2006-06-23,UNITECH,169.4,-0.9838435860753457,331177.0
2010-01-08,UNITEDTEA,257.45,1.71,10982118.55
2020-02-14,UNIVPHOTO,60.1,-0.7440919736001703,1094294.65
2021-02-17,UTIBANKETF,39.47,-0.8940231983675223,16777617.89
2021-03-25,UTINEXT50,38.15,-0.8939511869683661,8839764.34
2023-09-25,UTINIFTETF,211.23,-0.9000648161728179,17781985.82
2021-02-17,UTISXN50,48.42,-0.8799970259485985,2696288.06
2016-06-24,UVSL,1.65,-0.5657894736842105,35549.25
2012-04-12,VAKRANSOFT,34.2,-0.9427615062761506,62999724.2
2026-06-15,VAML,495.9,3.0973312401883826,9247188661.09
2011-10-24,VASWANI,17.8,-0.5981941309255079,736094929.05
2026-04-30,VEDL,271.55,-0.6489788004136505,20454319175.5
2026-06-15,VEDPOWER,40.94,-0.6617367594811204,3480420796.95
2025-07-11,VERTOZ,87.11,7.879714576962282,8552867.53
2024-04-03,VHLTD,41.55,10.541666666666666,70965.45
2016-10-25,VIJIFIN,17.85,-0.9012721238938053,10313045.95
2014-03-27,VIKASGLOB,28.0,-0.8996415770609318,1580663.0
2014-11-13,VIKASGLOB,6.7,-0.5963855421686748,14933155.35
2019-05-08,VIKASMCORP,5.15,-0.6321428571428571,5666589.8
2006-02-24,VIMTALABS,203.35,-0.78946006108609,17677146.0
2009-10-30,VINATIORGA,57.8,-0.782420478072652,4406333.3
2008-08-19,VINCARDS,44.8,4.270588235294118,2486159.0
2005-02-25,VISHALEXPO,22.95,-0.7599372384937239,123565427.35
2005-08-25,VISHALEXPO,8.0,-0.631336405529954,1867536.0
2007-07-04,VISHALRET,753.1,1.7892592592592593,14259863319.35
2026-06-15,VISL,21.06,-0.8259791769955379,1963016065.37
2017-09-04,VISUINTL,0.05,-0.99,2.5
2009-02-27,VITLINFO,37.5,-0.8918840997549373,55650152.3
2005-08-17,VIVIMEDLAB,218.65,2.1235714285714287,4623745038.45
2025-12-18,VIVIMEDLAB,26.6,25.6,6329090.8
2018-02-05,VKSPL,0.05,-0.95,36851.0
2026-06-15,VOGL,36.1,-0.7017021979838043,1078048237.32
2005-06-30,VSGML,429.95,41.995,75828302.3
2012-05-17,VSSL,38.0,-0.8614150255288111,73428.5
2024-02-20,VSTL,446.25,1.955298013245033,967706127.65
2005-02-21,VYSYABANK,199.95,-0.6648789072320456,229517086.5
2025-06-19,WAAREEINDO,173.32,16.849639546858906,1031734.11
2008-10-01,WABCO-TVS,327.7,-0.5148778682457439,281698268.75
2008-02-25,WALCHANNAG,707.55,-0.8949988869926542,142032165.25
2010-12-08,WEIZMANIND,27.35,-0.663036902601331,1467984.65
2011-07-25,WELGLOB,109.85,1.5457705677867901,849006.65
2005-05-24,WELGUJ,58.8,10.76,413050673.7
2010-09-20,WELINV,99.6,1.3082271147161064,33849.6
2016-03-21,WELSPUNIND,97.65,-0.8960838565499627,70637652.9
2006-08-07,WENDT,611.6,2.6890207715133534,5734940.05
2005-05-02,WIMCOLTD,34.05,33.05,2931592.15
2026-04-20,WIMPLAST,385.26,11.528780487804879,507803.99
2023-09-26,WINSOME,8.55,7.550000000000001,1191651.2
2007-01-10,WWIL,120.45,119.45,1095499394.0
2020-03-06,YESBANK,16.15,-0.5611413043478262,18659965778.1
2010-12-20,ZEELEARN,19.65,-0.9337379868487607,177464544.75
2007-01-10,ZEENEWS,34.25,33.25,597425279.05
2010-04-15,ZEENEWS,18.35,-0.7564698075646981,2432050513.8
2026-04-21,ZFSTEERING,839.75,19.48170731707317,462558.0
2005-10-24,ZODIACLOTH,288.3,-0.5028024489092007,892986.85
2012-04-09,ZUARIAGRO,186.2,-0.6422670509125841,674044.0
