ranking_months,holding_months,skipped_days,portfolio,mean,t_statistic,months,first_month,last_month
3,3,0,sell,0.002069897808378102,0.2851874007416751,237,2007-01,2026-09
3,3,0,buy,0.018223453729405918,3.349975836469202,237,2007-01,2026-09
3,3,0,buy_minus_sell,0.016153555921027817,3.9173918252663325,237,2007-01,2026-09
3,6,0,sell,0.003631024384614751,0.4993716902885648,237,2007-01,2026-09
3,6,0,buy,0.01632634495785063,3.0731157055721727,237,2007-01,2026-09
3,6,0,buy_minus_sell,0.012695320573235878,3.482822090517134,237,2007-01,2026-09
3,9,0,sell,0.004323856988569106,0.5952428878337664,237,2007-01,2026-09
3,9,0,buy,0.015588340314738873,2.949464575375584,237,2007-01,2026-09
3,9,0,buy_minus_sell,0.011264483326169767,3.312811652049358,237,2007-01,2026-09
3,12,0,sell,0.004386740695506238,0.6052503560949832,237,2007-01,2026-09
3,12,0,buy,0.014779051612124412,2.759687089118678,237,2007-01,2026-09
3,12,0,buy_minus_sell,0.01039231091661817,3.1913551849182595,237,2007-01,2026-09
6,3,0,sell,0.0018369654884899625,0.24192930501418464,237,2007-01,2026-09
6,3,0,buy,0.01866677489715164,3.4795422082944043,237,2007-01,2026-09
6,3,0,buy_minus_sell,0.016829809408661685,3.454707823323469,237,2007-01,2026-09
6,6,0,sell,0.0031544215049194926,0.4140811481023177,237,2007-01,2026-09
6,6,0,buy,0.016950460011422586,3.205892059561908,237,2007-01,2026-09
6,6,0,buy_minus_sell,0.013796038506503095,3.0067600869047086,237,2007-01,2026-09
6,9,0,sell,0.003331369670219449,0.43829445324118327,237,2007-01,2026-09
6,9,0,buy,0.015775402628447555,2.957589094280348,237,2007-01,2026-09
6,9,0,buy_minus_sell,0.012444032958228103,2.858642572113858,237,2007-01,2026-09
6,12,0,sell,0.004374877954545095,0.5787604863366725,237,2007-01,2026-09
6,12,0,buy,0.01460351564136267,2.714991739063966,237,2007-01,2026-09
6,12,0,buy_minus_sell,0.010228637686817579,2.5017464011742727,237,2007-01,2026-09
9,3,0,sell,0.0014319131992852963,0.17980423270337526,237,2007-01,2026-09
9,3,0,buy,0.018883362221899864,3.521628216987761,237,2007-01,2026-09
9,3,0,buy_minus_sell,0.01745144902261457,3.2192634180107076,237,2007-01,2026-09
9,6,0,sell,0.0018341882516642767,0.23268437209250287,237,2007-01,2026-09
9,6,0,buy,0.01668014770888037,3.1035292165932327,237,2007-01,2026-09
9,6,0,buy_minus_sell,0.014845959457216094,2.890244819800513,237,2007-01,2026-09
9,9,0,sell,0.003336819180675437,0.4252569794805153,237,2007-01,2026-09
9,9,0,buy,0.01519222561677083,2.831368239885305,237,2007-01,2026-09
9,9,0,buy_minus_sell,0.011855406436095393,2.4448701293056256,237,2007-01,2026-09
9,12,0,sell,0.004264505637110489,0.5529446715037811,237,2007-01,2026-09
9,12,0,buy,0.014421727719151716,2.653495461330855,237,2007-01,2026-09
9,12,0,buy_minus_sell,0.010157222082041222,2.3174216609789933,237,2007-01,2026-09
12,3,0,sell,0.001415606643585521,0.1742329760726976,237,2007-01,2026-09
12,3,0,buy,0.01860524359807299,3.3929739675403985,237,2007-01,2026-09
12,3,0,buy_minus_sell,0.017189636954487466,2.997814820738836,237,2007-01,2026-09
12,6,0,sell,0.0032073384184183856,0.40010936242006107,237,2007-01,2026-09
12,6,0,buy,0.01621582228289738,3.013974908762913,237,2007-01,2026-09
12,6,0,buy_minus_sell,0.013008483864478997,2.413409566934258,237,2007-01,2026-09
12,9,0,sell,0.004184649098652599,0.5313636789170116,237,2007-01,2026-09
12,9,0,buy,0.015036300457000442,2.7793825594717276,237,2007-01,2026-09
12,9,0,buy_minus_sell,0.010851651358347847,2.205798886874901,237,2007-01,2026-09
12,12,0,sell,0.004768015033781077,0.6178083015981605,237,2007-01,2026-09
12,12,0,buy,0.014550982613969806,2.65359242311409,237,2007-01,2026-09
12,12,0,buy_minus_sell,0.00978296758018873,2.209800055120338,237,2007-01,2026-09
3,3,5,sell,0.0015856804880879844,0.2235503396612784,237,2007-01,2026-09
3,3,5,buy,0.017838464853737402,3.242066715783897,237,2007-01,2026-09
3,3,5,buy_minus_sell,0.016252784365649416,4.171238245731558,237,2007-01,2026-09
3,6,5,sell,0.0037648487428931852,0.525673651312746,237,2007-01,2026-09
3,6,5,buy,0.0156616300690772,2.9202366760959673,237,2007-01,2026-09
3,6,5,buy_minus_sell,0.011896781326184014,3.440632283770972,237,2007-01,2026-09
3,9,5,sell,0.004627732196491544,0.6459160295274788,237,2007-01,2026-09
3,9,5,buy,0.014945830866770742,2.8029761726839095,237,2007-01,2026-09
3,9,5,buy_minus_sell,0.010318098670279198,3.2245914389339876,237,2007-01,2026-09
3,12,5,sell,0.004680955064502157,0.6560394651142801,237,2007-01,2026-09
3,12,5,buy,0.014182131404018328,2.625397473602097,237,2007-01,2026-09
3,12,5,buy_minus_sell,0.009501176339516172,3.1427934465590583,237,2007-01,2026-09
6,3,5,sell,0.001986236509337736,0.2622480827309356,237,2007-01,2026-09
6,3,5,buy,0.018341032152430763,3.3814589717281343,237,2007-01,2026-09
6,3,5,buy_minus_sell,0.016354795643093025,3.447663079885901,237,2007-01,2026-09
6,6,5,sell,0.0031295631504101263,0.4133182227289559,237,2007-01,2026-09
6,6,5,buy,0.016917488199144546,3.171451744147772,237,2007-01,2026-09
6,6,5,buy_minus_sell,0.013787925048734422,3.0927202592874723,237,2007-01,2026-09
6,9,5,sell,0.0032431259020019756,0.42847464972202465,237,2007-01,2026-09
6,9,5,buy,0.015767546639395617,2.9384910087611855,237,2007-01,2026-09
6,9,5,buy_minus_sell,0.012524420737393642,2.979262904797984,237,2007-01,2026-09
6,12,5,sell,0.004343917578352907,0.5767516329372995,237,2007-01,2026-09
6,12,5,buy,0.014514311818533637,2.6852226921496474,237,2007-01,2026-09
6,12,5,buy_minus_sell,0.010170394240180727,2.566003984334447,237,2007-01,2026-09
9,3,5,sell,0.001850844248367558,0.23413237885947202,237,2007-01,2026-09
9,3,5,buy,0.01824282079426671,3.3903716371618686,237,2007-01,2026-09
9,3,5,buy_minus_sell,0.01639197654589915,3.0904459696754616,237,2007-01,2026-09
9,6,5,sell,0.0021575463727234756,0.2752134676944159,237,2007-01,2026-09
9,6,5,buy,0.01631178260336093,3.0243504507222725,237,2007-01,2026-09
9,6,5,buy_minus_sell,0.014154236230637458,2.816124230224118,237,2007-01,2026-09
9,9,5,sell,0.0035159630679597936,0.4510354028747391,237,2007-01,2026-09
9,9,5,buy,0.014942068584962281,2.776913076913011,237,2007-01,2026-09
9,9,5,buy_minus_sell,0.011426105517002485,2.4100803412069403,237,2007-01,2026-09
9,12,5,sell,0.004424916884578855,0.5770025688366215,237,2007-01,2026-09
9,12,5,buy,0.014119152618284102,2.5910965250005193,237,2007-01,2026-09
9,12,5,buy_minus_sell,0.009694235733705247,2.266911503712631,237,2007-01,2026-09
12,3,5,sell,0.00168756550037277,0.20832085368052292,237,2007-01,2026-09
12,3,5,buy,0.01777628421212827,3.2326026796347516,237,2007-01,2026-09
12,3,5,buy_minus_sell,0.0160887187117555,2.8457546627253296,237,2007-01,2026-09
12,6,5,sell,0.0033805724817173926,0.42336240533808256,237,2007-01,2026-09
12,6,5,buy,0.015549265448059678,2.8730572809237045,237,2007-01,2026-09
12,6,5,buy_minus_sell,0.012168692966342282,2.297051085395073,237,2007-01,2026-09
12,9,5,sell,0.004379763805049039,0.5588361474588718,237,2007-01,2026-09
12,9,5,buy,0.014594396817704433,2.680921077096496,237,2007-01,2026-09
12,9,5,buy_minus_sell,0.010214633012655395,2.1232882983609573,237,2007-01,2026-09
12,12,5,sell,0.005108976730598916,0.6647573065646144,237,2007-01,2026-09
12,12,5,buy,0.014161951458335603,2.5659983277739142,237,2007-01,2026-09
12,12,5,buy_minus_sell,0.009052974727736685,2.0974321429042053,237,2007-01,2026-09
