date,1,2,3,4,5,6,7,8,9,10,winners_minus_losers
2005-01,,,,,,,,,,,
2005-02,,,,,,,,,,,
2005-03,,,,,,,,,,,
2005-04,,,,,,,,,,,
2005-05,,,,,,,,,,,
2005-06,,,,,,,,,,,
2005-07,,,,,,,,,,,
2005-08,,,,,,,,,,,
2005-09,,,,,,,,,,,
2005-10,,,,,,,,,,,
2005-11,,,,,,,,,,,
2005-12,,,,,,,,,,,
2006-01,0.020037662678415457,0.03601412791794926,0.029272481342346886,0.04908692395608591,0.048254075140614645,0.051314448100919154,0.06974508638805392,0.06743880696063027,0.04937985177425865,0.07471687545914141,0.05467921278072595
2006-02,-0.008800131784938011,-0.004151559222546109,0.00928335939731513,0.006492028740042198,0.007483614595179208,0.015196845670818393,0.004217596197260774,0.015146919778975525,-0.006593779360432151,-0.01397920376884849,-0.005179071983910478
2006-03,0.01154505954113004,0.023013547512174427,0.06285288669602367,0.06019745826425454,0.07195300224513554,0.07560313112983263,0.07379830638115925,0.0800305509155266,0.08510849470397815,0.10082719913357847,0.08928213959244843
2006-04,0.05664619414872476,0.0506689515158241,0.05858172506550993,0.05064007544235874,0.05375718260393752,0.04617370896033974,0.06355438237327693,0.049678042869064826,0.06635523593206819,0.1085451601385304,0.05189896598980564
2006-05,-0.1227972781374635,-0.09142317793245229,-0.11068447431295318,-0.1117098060238757,-0.12573334059481941,-0.14223889372557436,-0.15114058338987268,-0.15466215736005098,-0.1474752911130777,-0.1587644618143898,-0.035967183676926306
2006-06,-0.16683192719738268,-0.14411304223877808,-0.12584480604499124,-0.12004985557466864,-0.10707584342748183,-0.10407392135429021,-0.11089395405076086,-0.12066837744598703,-0.1181053921134849,-0.16567792848157983,0.0011539987158028508
2006-07,-0.043375950498381964,-0.01380864197981998,-0.017753776993482056,-0.01913868973661951,-0.0328846543095442,-0.014679979158824803,-0.016640687570240727,-0.030915390331570623,-0.019812582484582193,-0.039137682350631954,0.00423826814775001
2006-08,0.16802882557664542,0.15273822819146513,0.14033890756427866,0.13737446929972225,0.12031145363291142,0.10713796053370006,0.10974160057357728,0.11763732728062826,0.1187311063032558,0.11844689204103707,-0.049581933535608344
2006-09,0.05649277194022693,0.08581343578316307,0.06849428105232148,0.06783558261068694,0.062192599974882884,0.07601343100794837,0.06319527288053431,0.06329607350696326,0.0656403097846405,0.08655764311657603,0.030064871176349102
2006-10,0.008677474947952483,0.0067103112067550584,0.012713647155425693,0.02381627992823702,0.023019151658477528,0.029961081864169903,0.03918042316580906,0.04561960299267579,0.03649606466739839,0.038124145881801845,0.02944667093384936
2006-11,-0.01916717868813692,0.010956958317008589,0.0075586022995753135,0.0011328125727344907,0.025417353032312212,0.03155727395620224,0.033841406671517464,0.0450095197231223,0.043484499042192225,0.05187023757344911,0.07103741626158602
2006-12,0.01627683602727197,-0.0007363780050647575,0.014542739180010186,0.017829442168392367,0.022657318001424082,0.019273106619708717,0.013494262722862973,0.034402170258510986,0.029977212334478143,0.03503162002206533,0.01875478399479336
2007-01,0.022260673212409446,0.07469693452540786,0.06740740050923276,0.06943062969191388,0.06851609859749132,0.06264402674608538,0.05540901441445678,0.05813255506119847,0.05525704331097112,0.04765127399887065,0.0253906007864612
2007-02,-0.12103785153683137,-0.10368420571205295,-0.0947919453484271,-0.09283548000020646,-0.0871045891172947,-0.08897785730762253,-0.08729908571933215,-0.09491488565191732,-0.0913885233539924,-0.09672370719375302,0.024314144343078353
2007-03,-0.017613871118638984,-0.045414538742296555,-0.046574242460996375,-0.0459445768147822,-0.026771095046495594,-0.029784345443839084,-0.02822249798785756,-0.0240868700167513,-0.026256472785045688,0.00046227285256203915,0.018076143971201022
2007-04,0.0692453914410003,0.08672931351039621,0.07710945323475969,0.08547432357707337,0.07878037026385588,0.07468446713695158,0.08011776117012853,0.0759182054369861,0.08335185000008953,0.09419244884426853,0.024947057403268233
2007-05,0.034325615235123834,0.03642095956726254,0.05917971536215482,0.0553453527539857,0.05643705071226609,0.05819022557112393,0.08358038006611307,0.07919537653821325,0.0782842995998622,0.09490409376902414,0.06057847853390031
2007-06,0.033197975038020945,0.023283095288553598,0.030036884203384615,0.03165060451402507,0.04166491075209664,0.04213080095104115,0.04879893746687699,0.04414249848948353,0.07290861760475993,0.06243122677406134,0.029233251736040397
2007-07,-0.012125460713659114,0.02215709527151676,0.03601654874363037,0.042646000648037106,0.03044161903796687,0.053535409369791474,0.045314307134146505,0.04165105870685982,0.048885466774743265,0.05228173306220273,0.06440719377586185
2007-08,-0.04421314086446552,-0.034464831294045616,-0.026554435283800925,-0.012063468263837798,-0.011643598471292827,-0.012655989937488848,-0.01234432878857882,-0.001999734525819583,-0.008378150558258583,-0.007588742692809322,0.0366243981716562
2007-09,0.16794580142949145,0.12460205893737937,0.12247214171902406,0.12997093539210117,0.1283448744220682,0.10976877378686771,0.11958298361068131,0.12000067358867161,0.13472534410821937,0.1968313220892204,0.028885520659728964
2007-10,-0.039334074925100576,0.00037327634868584964,0.04371079825887486,0.04775447363964766,0.06254629744774365,0.07647739036067579,0.09417837244581002,0.09720712863982996,0.1327134494266636,0.19076821269340774,0.23010228761850832
2007-11,0.07843893959473967,0.07076444973865999,0.07950878344266578,0.08465956389371863,0.06962117472025008,0.055526965604655885,0.08153363271702381,0.08666996310658903,0.08439946403947533,0.07791792534551835,-0.0005210142492213243
2007-12,0.29315495191174995,0.2160105138395931,0.20944976706936136,0.18279605268296342,0.18886834818420162,0.18842094769860715,0.17246426774739618,0.1692703455281209,0.16223296504152043,0.1859719176263969,-0.10718303428535306
2008-01,-0.2812179138528007,-0.2420487791264585,-0.21979508411764523,-0.20399340529154986,-0.1954279140477391,-0.20183496851432267,-0.21867980185783184,-0.2164930142638555,-0.20806750965714085,-0.22802608372146235,0.05319183013133835
2008-02,0.013456135218359968,0.0007886257393509106,-0.012957599371181808,-0.00961308729860737,-0.01215152122007568,-0.018939673546110355,-0.012557267041196002,-0.019067126254989176,-0.02088293756475446,-0.0043261433057798886,-0.017782278524139855
2008-03,-0.15411568286309515,-0.13941100592186964,-0.13714978194330593,-0.13568536401463752,-0.14858575780101568,-0.15625531449465813,-0.16712681694877154,-0.17962802018857096,-0.18111921745308476,-0.22073497082931384,-0.06661928796621869
2008-04,0.2020662519582802,0.13620653700973792,0.12954268470663025,0.11532279143725611,0.11709194400392642,0.11622569505520874,0.11762027237167087,0.12948838740290544,0.13295592045301255,0.17890252117614514,-0.023163730782135072
2008-05,-0.07139871982883726,-0.06831631669807574,-0.061280944672955834,-0.06939284239632036,-0.07028768143662072,-0.06275951444388427,-0.05450968710519991,-0.06893285490844352,-0.061843054639484245,-0.054293825763015446,0.017104894065821816
2008-06,-0.1940261613056404,-0.19237846020940472,-0.1993393299995386,-0.19412443098539756,-0.19643342598933788,-0.20711210558253748,-0.20460636544765776,-0.19737391380073963,-0.18872808573997116,-0.21340835497945262,-0.01938219367381222
2008-07,0.04339394452959464,0.05030086216191031,0.06482264566512946,0.04091456999267346,0.05336897721472773,0.06253799428453122,0.06878787403465633,0.06047968418371752,0.06518274507848491,0.07007519431784036,0.026681249788245716
2008-08,0.03790385996929111,0.018938827275676803,0.017268746941183348,0.029436721803088442,0.01367886845471026,0.02924087728476146,0.011681035741367892,0.02252214667655979,0.007670960398768194,-0.014795250586083039,-0.05269911055537415
2008-09,-0.2372550059385,-0.2163480095013189,-0.19455508108509453,-0.1814450174394677,-0.18327519844275386,-0.17266335053595758,-0.17287555513790206,-0.1703789198477678,-0.14937411377236617,-0.17794192210779533,0.05931308383070466
2008-10,-0.3889334909366538,-0.37917885083064623,-0.36572590982279124,-0.3363788857289749,-0.32312565673867183,-0.30461000502949553,-0.31273728500113235,-0.3011546843671466,-0.2878978180247124,-0.3198912989805481,0.06904219195610573
2008-11,-0.15367218832214355,-0.14058054657183566,-0.11891089922052998,-0.10840486737238732,-0.1345975978053924,-0.11923734978773654,-0.11059844042008611,-0.11074298989042893,-0.08789411092278064,-0.08294237344578748,0.07072981487635607
2008-12,0.2759842353320799,0.2483947275146947,0.207627701505832,0.16897467114509576,0.193064839423158,0.14753801041007805,0.13088953858968905,0.11855063202001846,0.10375769072307417,0.0665761989173484,-0.2094080364147315
2009-01,-0.17851438152675922,-0.13577747915658092,-0.12372903730522401,-0.09774285542894695,-0.0963697492664478,-0.08306014761705931,-0.07799157183416705,-0.06645129366981548,-0.048887041503010216,-0.049232010194944005,0.12928237133181522
2009-02,-0.09440419015546964,-0.08064632024366764,-0.0975776389429202,-0.0722192955676151,-0.06550506905660732,-0.06347434633922422,-0.06566566651962076,-0.06452440678912648,-0.04805489010023153,-0.05890545088235203,0.035498739273117606
2009-03,0.07398056590480866,0.08618254181148381,0.10929196176637031,0.08850693581265684,0.08937825458153358,0.08243482573182198,0.08952056305437824,0.06888957855288298,0.06261145586251991,0.022540642060324797,-0.051439923844483856
2009-04,0.3182072065867001,0.2865597576520536,0.3083187913076579,0.2376042462708833,0.2446609361908025,0.21544147775552716,0.22413159283331627,0.1840836531013115,0.12512573360224155,0.06747181137817741,-0.25073539520852267
2009-05,0.7550506187097508,0.710654974695347,0.6369790788306825,0.6040891483297376,0.539505494581952,0.5113343783351058,0.4534450471683209,0.3890877803827488,0.3294480924777528,0.23661859523322548,-0.5184320234765253
2009-06,-0.028864250125078733,-0.013252709473038124,-0.021991208005240865,-0.020023472437491075,-0.017779514036913854,-0.01563605257818765,7.837727596676809e-05,-0.014554117376389786,-0.010270437602831787,-0.007310266914576452,0.02155398321050228
2009-07,0.05591304078940581,0.06804675265018871,0.0797918753665092,0.0715937988762707,0.0848166975020197,0.09128584094930035,0.08200895410597249,0.09426332638987793,0.10273151704516305,0.09504459832181135,0.03913155753240554
2009-08,0.11469011918428028,0.11262923374162014,0.10783335114881366,0.08520194732628777,0.10947802613232638,0.07901790079962193,0.08090135285737271,0.08060562061052859,0.08204765569967075,0.06687167168522723,-0.04781844749905305
2009-09,0.06496099820036493,0.08455199679115795,0.07859363912259443,0.08394628248681403,0.08898876985145883,0.0869747992712387,0.07243329751022368,0.07142623901656764,0.0845990692879443,0.04814990196864565,-0.016811096231719273
2009-10,-0.09210829189867202,-0.08093210136274077,-0.08796348857126536,-0.07392511008972526,-0.08592382680971988,-0.08199274262226998,-0.07583895470807855,-0.0982121203830195,-0.07147599595156012,-0.07899494435151712,0.013113347547154902
2009-11,0.041742006286669596,0.06854615599077567,0.0648261237107196,0.06701577644381553,0.06496491909276807,0.062369757337371094,0.07705943895676469,0.07171957251460097,0.08112103124387797,0.08527070341751238,0.04352869713084278
2009-12,0.05891199626000748,0.07031797319423795,0.07899792986690098,0.08549067246057263,0.07603942920394317,0.0762246008030912,0.08192890520064562,0.0788522624737749,0.07891485577314901,0.07169934203432754,0.012787345774320058
2010-01,-0.0214276640995967,-0.018875488393771536,-0.0011690042664617907,-0.006936699656070463,-0.012367008640927895,-0.015919936542746763,-0.025933150026212493,-0.018157880752213727,-0.03697694846779155,-0.035502769624071846,-0.014075105524475145
2010-02,-0.05992579824139379,-0.03089451361526753,-0.040122869921111866,-0.023872278463108094,-0.03898930278323285,-0.029081516212672354,-0.03068595535681304,-0.03722129145297699,-0.03557275498350105,-0.027565547899999886,0.032360250341393906
2010-03,0.020818809183448087,0.021950937295226135,0.028528355961920243,0.048485448097948164,0.045515506303065216,0.04840423643840844,0.05080405843570107,0.06465068543385334,0.07172378602449202,0.05381297084611534,0.03299416166266725
2010-04,0.04566511986162039,0.04927902596878991,0.05082127924221641,0.05116599960779402,0.0645943466870299,0.06329938557380471,0.051094235551193405,0.06022460014551126,0.05836729372870625,0.04877680120431169,0.003111681342691297
2010-05,-0.10661869165152983,-0.07051081427913199,-0.06051373520924799,-0.06386934589256267,-0.0442611119363028,-0.050486458350754194,-0.05217739415485905,-0.05643615923654135,-0.06916796751392812,-0.07970351480981436,0.026915176841715474
2010-06,0.0884128624855367,0.07667757590331607,0.05955573201748645,0.053936866752431804,0.05735817721964859,0.052250727614861964,0.04498979653450619,0.03488200291829635,0.03990342339514045,0.06228981667330751,-0.02612304581222919
2010-07,-0.003998859953630023,0.0032505135939075217,0.020018169639181377,0.024240113550577532,0.024210202534062905,0.037455707107137366,0.031099481436035203,0.03541465669972129,0.03845994885988038,0.03322146572219555,0.037220325675825575
2010-08,-0.031478225591089065,-0.0017492165687636064,0.004505144606498048,0.010506674218683494,0.012064476374924032,0.024610210911789655,0.02835468345697816,0.01973434804072263,0.03499514759285085,0.027174989269970123,0.05865321486105919
2010-09,0.09215672572395756,0.0616631050392992,0.07721200891219811,0.06637095741030409,0.06203023945704156,0.07707965809664291,0.07093021362382135,0.0793978992058516,0.07313780279659797,0.0924189908038801,0.00026226507992253845
2010-10,0.006688434732344824,-0.006536516415912737,0.013861578548193828,0.007888453308481024,0.01590755216699202,0.020667148508156135,0.019250842174959672,0.04077414843940192,0.03917400326451604,0.041631309812899954,0.03494287508055513
2010-11,-0.11676355559102275,-0.1051043938994244,-0.1008687268697423,-0.08250917955226562,-0.06634233462526161,-0.04994915618445106,-0.0657088950467883,-0.0606122611320796,-0.06164686309713421,-0.056672551602314436,0.060091003988708314
2010-12,0.0493762727919399,0.04384601450880125,0.03348225904355589,0.029490733240303633,0.014077423707226358,0.010808253600810567,0.008969548008926272,-0.00725870581777516,-0.012118724511141094,-0.020803626359068322,-0.07017989915100822
2011-01,-0.15889045131464932,-0.1514658308686421,-0.13111981103317952,-0.11933921927599167,-0.11781867824518973,-0.11113087232258373,-0.10706586141866505,-0.11116608076940067,-0.10922987483347257,-0.1047923912540415,0.05409806006060783
2011-02,-0.11129972089101096,-0.10037817005581291,-0.08579651008779314,-0.06797238650039912,-0.07175746199710892,-0.06624522529870804,-0.054607935169534084,-0.05064415369912686,-0.07295365918816567,-0.08428895275349747,0.02701076813751349
2011-03,0.047803292035942684,0.07703999401946086,0.06268560844870466,0.07162551488016138,0.08123240481818443,0.07448951587547403,0.08139955183944154,0.07673958941162219,0.08600171351240488,0.0993265983742907,0.051523306338348014
2011-04,0.02882498959670784,0.04696666999489646,0.03699256386920905,0.03690889505961554,0.03370421930145123,0.03544225109238297,0.03805428389277255,0.034866908040565116,0.04502345172459435,0.06396403845957684,0.03513904886286899
2011-05,-0.08873938024178801,-0.07209410148507332,-0.05601818630515176,-0.041577159037694086,-0.029450901165928568,-0.020181933806641555,-0.022038444352482287,-0.021402626584199697,-0.023928459133905147,-0.00992781291633953,0.07881156732544849
2011-06,-0.037318561351530256,-0.017478688643693188,-0.03380830613203846,-0.018116370766221242,-0.009535042735448213,-0.012828762233507098,0.001572384776093068,0.002084271055833177,0.004181595885373284,0.013629108334735053,0.05094766968626531
2011-07,-0.030789778216847374,-0.012166981879965497,0.0015123701076943392,0.0033973751639858143,0.0013840716724224707,0.006406517515702409,0.0009510807632579964,0.016031259873752802,0.023514246100747416,0.05015574055674169,0.08094551877358906
2011-08,-0.20036207123560038,-0.17134788919860344,-0.15960303137041754,-0.11986714321481345,-0.11447578315406147,-0.10315298542487594,-0.09887744885016785,-0.07608259841492236,-0.062323088079989014,-0.06849779803806634,0.13186427319753402
2011-09,0.006805730538848177,-0.014816602893911965,-0.030508761721839802,-0.021835148320911154,-0.017433311896791245,-0.014145687990435389,-0.015878819562464966,-0.01780948882000408,-0.01973821748475711,-0.005704597088025581,-0.01251032762687376
2011-10,0.02931960147041758,0.05188314289099827,0.04650458409553269,0.03452868984400561,0.03447040989699197,0.038911384602407006,0.03561519977215029,0.039287041435805296,0.02987228408962636,0.024436708347102692,-0.004882893123314889
2011-11,-0.18310564808361843,-0.17118847027092224,-0.14547966476607185,-0.1399974961384364,-0.12286561346257928,-0.1149415051430358,-0.09868356559927205,-0.0734117366780087,-0.07856572005322515,-0.11438557976426171,0.06872006831935672
2011-12,-0.13133848131305043,-0.13062221375301633,-0.130741625584357,-0.11468506182349208,-0.09497873675788848,-0.08504164982303115,-0.07566899208304485,-0.07609568117439862,-0.08048934347337168,-0.1103122892416659,0.021026192071384522
2012-01,0.3134625907664517,0.2920198880675236,0.26158447464273854,0.2145510164919846,0.16627383321440478,0.14445312782559533,0.11843897487160683,0.11064281856107923,0.08620257855798519,0.11810192260224617,-0.19536066816420555
2012-02,0.09293776935489025,0.10266267606156255,0.09448929940043144,0.07817656226889065,0.07291691973171245,0.06122009246106743,0.06374063053234243,0.06700216242235668,0.050279253136959995,0.07215899536784814,-0.0207787739870421
2012-03,-0.0987805142072854,-0.0801550131472914,-0.056966389924834604,-0.033867852505056834,-0.015553480911331324,-0.02131152235327191,-0.013555878466741852,-0.00375127967480022,0.0032252605183725274,0.008763568121393344,0.10754408232867874
2012-04,-0.03778957291106506,-0.02135005761359414,-0.024930003554264918,-0.026935190004395867,-0.01931963454991532,-0.01661174064946705,-0.007278270255359635,-0.0005933060582461683,6.960560797264705e-05,0.02349660443359616,0.061286177344661213
2012-05,-0.15351814794278248,-0.10872559324104951,-0.08366750632602815,-0.0786772781286074,-0.07199270609989185,-0.05772447764648344,-0.06136196503321328,-0.050542930871074726,-0.0446922154312544,-0.050598467436872165,0.10291968050591033
2012-06,0.09477530503710417,0.09011498622649111,0.07414060612015527,0.06090469659959987,0.052502989741333106,0.05481117255003707,0.051873347906276124,0.05324948376632543,0.05137378368838599,0.043943554457978894,-0.05083175057912528
2012-07,-0.057562524133262384,-0.02895137189078617,-0.028859283671654745,-0.022337252788543847,-0.024018952529065333,-0.018828543898292187,-0.017974810334584035,-0.019081272016433445,0.004007152075073696,-0.01805800896331808,0.039504515169944306
2012-08,-0.06053171295530738,-0.0406866585561478,-0.024406221284904772,-0.028935475034452207,-0.01951467421086739,-0.02352036312169373,-0.007526174331269192,-0.0029535408502521666,0.009454465552515981,0.016452549136540862,0.07698426209184825
2012-09,0.1516750562031111,0.13017018073863798,0.11607881502721384,0.1141927443271487,0.09735557150423108,0.09741617270739278,0.10119687409686373,0.08758189011905243,0.0682986050619756,0.0894331997373315,-0.06224185646577961
2012-10,-0.061657967650158435,-0.050031327256387294,-0.03068282632138507,-0.014273886273667989,-0.015919449792349254,-0.00819273538484929,-0.011529222965652014,-0.002239405720420202,0.0016361506059648907,-0.00721651657618555,0.054441451073972885
2012-11,0.043929921592710384,0.06046045982312843,0.050608639136307115,0.0417072941492318,0.04136997508638915,0.047443057204671506,0.0351625073787434,0.049446635438772334,0.03768978099119381,0.04500392603012513,0.0010740044374147467
2012-12,0.00185877509707063,0.020032650004863862,0.01848772896363246,0.023001460562186937,0.031689269354207066,0.028282099512873454,0.014137802722775298,0.017157681747776408,0.02230316293540049,0.005592877904771008,0.0037341028077003775
2013-01,-0.06902817416046063,-0.04249224232364235,-0.031524527294514874,-0.023313304100424176,-0.012335393371480449,-0.016851087990148877,-0.027545369495238003,-0.01657694746844784,-0.021027626056926225,-0.02812917554760667,0.040898998612853954
2013-02,-0.17131083974666508,-0.14194253791472136,-0.11874320944841334,-0.11868023511430703,-0.10836656551236064,-0.08893340179020691,-0.0861190000013733,-0.10043776918299642,-0.1158655660341509,-0.1235997753906672,0.04771106435599788
2013-03,-0.1360568483172345,-0.07683020541317731,-0.05362911740735299,-0.04946794900964884,-0.043371216402209006,-0.03427588392673638,-0.026666021418475377,-0.046878034885846444,-0.06711318165285617,-0.06776360761188115,0.06829324070535335
2013-04,0.09809111648023978,0.07548057114036077,0.04735189393219561,0.05297341652533367,0.057685983036841165,0.04278724080778476,0.04512640455271829,0.059001048457680096,0.05638491265287567,0.07037734754883047,-0.02771376893140931
2013-05,-0.12592817047382793,-0.037847828812019486,-0.03451789201894354,-0.029518704886551766,-0.02341272471375586,-0.019608597741473832,-0.002648673190890546,-0.0032023043825455035,0.0017891187459715512,-0.0026932561103772817,0.12323491436345065
2013-06,-0.17676685885897078,-0.10831061496264904,-0.09174648684172802,-0.07379821778540258,-0.06572573209064453,-0.06416977033106433,-0.06343584825313264,-0.05918276524355579,-0.05614195845906994,-0.07190255992008389,0.1048642989388869
2013-07,-0.11720081178072828,-0.11417064729747788,-0.1000852288675904,-0.08470747654445147,-0.065245220368621,-0.06569030193237974,-0.05643737700873417,-0.056622398212821494,-0.04650325075878314,-0.05535144314164305,0.061849368639085224
2013-08,-0.00013148637445148324,-0.0019358872695069069,-0.01082130513200627,-0.012764165133218403,-0.03113629837788236,-0.03157778034257048,-0.03582409208020557,-0.03844050347075861,-0.033575259668245525,-0.035699265969024535,-0.03556777959457305
2013-09,0.14413200802782242,0.10509603931033246,0.08079836178691054,0.07186816452296986,0.061736718637006305,0.05940779521841467,0.05476275108714306,0.05719175495611323,0.058536216536041956,0.0856277930809554,-0.058504214946867014
2013-10,0.15433197430018972,0.16397044776927927,0.12406324271631587,0.10136148756876955,0.10940973057555324,0.07826633434121895,0.07123679452104688,0.07633051717112461,0.06438513263859263,0.07755485714119033,-0.07677711715899939
2013-11,0.01865377444770287,0.01176875623925269,0.019193012140896856,0.018958543486590103,0.012643421215658505,0.014115141648202068,0.01972326597046146,0.0089013774146302,0.011904649861582482,0.030188517895881367,0.011534743448178498
2013-12,0.07455455107197094,0.08565314072782165,0.06947583393026965,0.05611446940095022,0.05444565141758878,0.05315665628684337,0.04496857828945728,0.038709316311626246,0.05453777985219379,0.06358077860612567,-0.010973772465845272
2014-01,-0.07842224970774096,-0.08248854758536629,-0.09235917659794601,-0.07376604946288305,-0.0628779202550616,-0.05134699722632846,-0.04596428230944994,-0.03883884062524029,-0.027911429308987833,-0.011789998513218736,0.06663225119452222
2014-02,-0.026693491907722022,0.007915520864949474,0.019086958989264186,0.021215732527633497,0.024409277082619207,0.02629543226939407,0.03453718634809091,0.031505774731136575,0.042572003814521316,0.05900285194611885,0.08569634385384087
2014-03,0.11118654470459477,0.1360956755314923,0.11163641739869866,0.10396280492947026,0.10972279102670096,0.09964351325964967,0.09198381745139306,0.09279400589544129,0.08629190664044506,0.03323820356782764,-0.07794834113676713
2014-04,0.10505895707555668,0.036321323593692174,0.032235393821345694,0.03181068837329706,0.040555740975561284,0.03769193625219248,0.03577522609640455,0.04407459510839524,0.05661985622343323,0.05570749463554786,-0.04935146244000882
2014-05,0.22636868910300104,0.17670036769121367,0.17407268024678313,0.19335873930334638,0.17917453542472983,0.17917674831936195,0.1799672216251834,0.20328103400264866,0.16402508402219537,0.11191814580735554,-0.1144505432956455
2014-06,0.11673801579246303,0.08131212609251144,0.10652395805147928,0.10011167567692836,0.11887453629776029,0.10151176279314983,0.10564097411977709,0.11643665253052632,0.13595025269280972,0.16240626270619948,0.04566824691373646
2014-07,-0.048872512284340607,-0.005802639122297587,-0.02084673093915637,-0.029077208104315858,-0.03242501697677615,-0.02659700824155571,-0.02527502329774531,-0.022388661980235744,0.004978487312100355,0.022849838208716625,0.07172235049305722
2014-08,-0.011477581539694299,0.008618946786602013,0.005577502470825709,0.008289754527923672,0.005909476383802978,0.00903955237395007,0.02341386829847089,0.030778796974184678,0.04789823579147787,0.045683237079575056,0.05716081861926935
2014-09,0.005876213047363199,0.021717098477897653,0.018021906342650915,0.014179758903416101,0.00753777849861285,0.014284152121619112,0.010856733158404672,0.02515766365271871,0.04499088833774956,0.07541908017907821,0.06954286713171501
2014-10,0.0004657697210404754,0.015517847502971078,0.02629407134424649,0.03682146886761189,0.037085700011145965,0.037761125178761186,0.041852264506288234,0.041253740981437234,0.03386488086351782,0.043695983879155124,0.04323021415811465
2014-11,-0.003282582847475996,0.008982472187911395,0.015272986546241327,0.01815028105576744,0.024935942098302636,0.02950080013994515,0.028837089509630435,0.023577095381235147,0.038105116330863435,0.04692015742043992,0.05020274026791592
2014-12,-0.02602899145510019,-0.017397426470902578,-0.014479197564559019,-0.00803721513029614,-0.00798085012190912,-3.90812571548912e-05,-0.0003641525490434688,0.012495323828768714,-0.007520062930632321,-0.007574531214694191,0.018454460240406
2015-01,0.02008989218777647,0.006606194788881255,0.03032949657035143,0.029114944621561514,0.03171427856084493,0.030586478124190918,0.04374999496224987,0.060576008506593386,0.05227711321839936,0.04441813662905589,0.024328244441279418
2015-02,0.008651814008737553,-0.0021221820830626126,0.017822392816110724,0.013366100275039474,0.007864892579056364,0.0035381001484259683,-0.0014571016084033727,0.010723103213823276,0.01207535519020831,-0.009108825002631035,-0.01776063901136859
2015-03,-0.09449313776212113,-0.07103731171519197,-0.05636415909279308,-0.04093708681163745,-0.03034424243179068,-0.02725632601132735,-0.013748990870725558,-0.0027257875551818904,0.0081095607116017,0.03231620202704386,0.126809339789165
2015-04,0.030790748538717248,0.01102050730059117,-0.0037558925681743668,-0.020167906229440702,-0.011011404901442414,-0.02018335553287207,-0.026175535360950557,-0.015449149638624711,-0.016840834592691957,-0.02219077625602121,-0.05298152479473846
2015-05,-0.010427998841431396,-0.0024310803145520987,0.01644633831565742,0.019233356930872206,0.014899037506104386,0.014449185453077234,0.03178899572777515,0.027661987387005798,0.037876298879298526,0.044243363303491295,0.05467136214492269
2015-06,-0.05489361049351729,-0.032884006264553976,-0.030869671447959768,-0.013221074898890359,-0.019757315382020812,-0.015554331144501823,-0.013725262625730933,-0.017457276458206755,-0.011276128280407749,-0.01982276586776196,0.03507084462575533
2015-07,0.07950060391205098,0.06474111156077189,0.078912430405347,0.07949741909028159,0.06722162406513045,0.06588767068874256,0.07187839823305466,0.06781671268057292,0.09725525437674842,0.13916614596145657,0.05966554204940559
2015-08,-0.12229005164912365,-0.10283379856122891,-0.0724685708518298,-0.07771913073339697,-0.061343098614324444,-0.053978964308794154,-0.05713013086913824,-0.06566201465536543,-0.07152110006702078,-0.0910340414412145,0.03125601020790915
2015-09,0.0199852372706627,0.016927340626010427,0.011435227729070989,0.013419925068184005,0.011681197009971361,0.008998521790216969,2.896844494620273e-06,0.002118045652298579,0.016970040916730735,0.012025858117152649,-0.007959379153510051
2015-10,0.09504910687323719,0.058775079506514755,0.038058488124815416,0.021628965359322006,0.027900634100639875,0.017533214592477222,0.027686593449839574,0.02636510749844168,0.025224048602062312,0.04278464608433619,-0.05226446078890099
2015-11,0.026861100052772244,0.029904724944497658,0.015490379593914963,0.02146412379049853,0.022312264095412582,0.01654874732722356,0.02276253509951993,0.03234627914401308,0.018372526776429438,0.05804105976507599,0.031179959712303744
2015-12,0.004236276559860878,0.01450590320557868,0.014525651118954598,0.016925416517952218,0.014034513220317934,0.01652538483248388,0.017505256549360956,0.014923776391765517,0.023932100813016832,0.018151571081386104,0.013915294521525227
2016-01,-0.1341685159693726,-0.11089549567531472,-0.0893655614434891,-0.09221659989444046,-0.07392586666432233,-0.08108319224294816,-0.07807078792650837,-0.08283710072425297,-0.10840784727965103,-0.10418983110127537,0.029978684868097225
2016-02,-0.14180091715643456,-0.12244445652119762,-0.11094208947688762,-0.10737863782338404,-0.10861392547375974,-0.12064270678086499,-0.12041755638089872,-0.1224601685547626,-0.1480314791041578,-0.17704043107066844,-0.03523951391423388
2016-03,0.16257177141552992,0.1469499418468819,0.13179909784361846,0.13000173534637025,0.12956191097046563,0.12184219229007442,0.13313562947074684,0.1197897623033194,0.13617726926906676,0.16362632960471715,0.0010545581891872324
2016-04,0.06616436132322363,0.04980869126643327,0.047784574241972806,0.04851912472786552,0.04120103303478559,0.040601943763124836,0.03710543231100108,0.047317754173129785,0.05903167565495939,0.050021918085773255,-0.016142443237450378
2016-05,-0.056852015200311655,-0.022854380046528747,-0.007689907193624892,0.009802364008437326,0.005889786166982168,0.014702200722606121,0.0028716348285838587,0.018008275900897323,0.003089978082241572,-0.005604915462427131,0.05124709973788452
2016-06,0.10716704521536215,0.0844993848329143,0.06134036801965279,0.050687995867924523,0.061538489010448484,0.054863281076750155,0.050582368607724026,0.0594742718099913,0.05416917052746475,0.07810991311047162,-0.029057132104890526
2016-07,0.06225419628040544,0.041804323149361784,0.049179383408688014,0.042572270454890794,0.05422677905773655,0.05433531262281993,0.0389492535988888,0.04456896891717583,0.04645469185933412,0.046713023314125864,-0.015541172966279576
2016-08,-0.03518840483287103,0.014783925455314215,0.021448908648534642,0.017505307534323295,0.027506743961160502,0.023647836185373205,0.03434539943558309,0.01902427309663709,0.033984689796161476,-0.0026280168762879263,0.0325603879565831
2016-09,0.005989658942613726,0.016531040011502306,0.008367649461547421,0.002244936679078103,-0.0002326609565961492,-0.006074916260925829,0.004205580701907641,0.0031794648825567346,3.3277376086157544e-05,0.0094465519370786,0.0034568929944648738
2016-10,0.05949619625032216,0.040658704392019074,0.04675861299128506,0.04227658735186135,0.0417048547055261,0.042169262273809904,0.04789047614333717,0.044307104705522314,0.04812068215223062,0.06951647510453587,0.010020278854213714
2016-11,-0.08319728054856235,-0.07380533007568249,-0.05762223008987304,-0.06673267858365718,-0.06935786782237785,-0.07375420130484728,-0.07852660369838234,-0.08758840811012163,-0.09772443108273537,-0.1290600533342118,-0.04586277278564946
2016-12,-0.022327925399526022,-0.02462957081923729,-0.013932230206990545,-0.01657750204169725,-0.01445239631887467,-0.026834477468292945,-0.029669770611887376,-0.0327148467797358,-0.037960765774269066,-0.03286242507648791,-0.010534499676961885
2017-01,0.05879734145882796,0.04622160494560563,0.06250851629232113,0.06261209694685216,0.06805929522732745,0.07429064746180207,0.08188250560241682,0.0946284408743263,0.09175260295751175,0.1103457391436385,0.051548397684810544
2017-02,0.04409802924612327,0.055444034426884704,0.0486270936600939,0.04579749154585202,0.05175935965925113,0.06209548453402206,0.0613780272269138,0.07365048778862054,0.054760084833548744,0.03835496762923405,-0.005743061616889221
2017-03,0.015554664848717295,0.03197488242036851,0.04677144600184383,0.04604838147986173,0.043555740538263756,0.04974293725782538,0.05197838569109089,0.04973210126924844,0.04972017144668169,0.031222759959490226,0.015668095110772932
2017-04,0.054411260077222495,0.04647593705998596,0.05499857813260012,0.05821016577696919,0.0546315072388659,0.06082927351379824,0.05994744312116048,0.07224591696872264,0.07126633380836389,0.05157356439032748,-0.0028376956868950143
2017-05,-0.06666167206585759,-0.03890684260487629,-0.02294310377073544,-0.01987129502148842,-0.011400234418543717,-0.025857826141931235,-0.03211689266075201,-0.02205053188978791,-0.019403812754756222,-0.04395430861517983,0.02270736345067776
2017-06,-0.0038096935521724877,0.002101023611128654,0.017576863675168808,0.0064757754581652935,0.004319062968988798,0.004854934751138276,0.014347274592898357,0.010895748813859107,0.011328508646557841,0.025550377963471066,0.029360071515643554
2017-07,0.05245886088448946,0.049730718525918156,0.047948105506566974,0.0415718674932432,0.046180519274569766,0.05514506265654734,0.04565455328457382,0.07271386317299453,0.060767885491383976,0.09115271444438373,0.03869385355989428
2017-08,-0.04488840289723173,-0.024104980855711486,-0.024954209763159593,-0.02558675215766416,-0.004198693773988249,-0.004352625670737937,-0.00526052606363867,-0.003268183239427671,0.01597134696305002,0.057484148791770294,0.10237255168900203
2017-09,-0.01844166144135349,0.0008355009760788331,-6.814323342907045e-05,-0.009760719593295561,-0.011850848223538305,-0.014122718543679495,-0.007129376309637157,-0.0032563960052724886,0.0021495904324532553,0.040961412303772454,0.05940307374512595
2017-10,0.1094624739646104,0.09023203487553327,0.10327263664520743,0.09204142630704297,0.09894239595141373,0.08980304572643184,0.09705083518347556,0.0979623397780145,0.11179599622106375,0.15921032669179194,0.049747852727181546
2017-11,0.02362204231076397,0.02670760668477044,0.026928474741632413,0.020280211476526547,0.017258523808849003,0.014427456767756766,-0.0005529805379827173,0.01727159865557489,0.017130360216068667,0.035969121916727964,0.012347079605963995
2017-12,0.10100280927999039,0.0456868362051572,0.047821253918638014,0.04074346436464343,0.04532989873575224,0.04475096015880917,0.050597346611633225,0.05459636487537207,0.048672201507722446,0.05381639338391483,-0.04718641589607556
2018-01,-0.039684958356751975,-0.032321603957461635,-0.0186395270529506,-0.014389528786716952,-0.025606288338663328,-0.01858196959298207,-0.02400954089118834,-0.028006504364181613,-0.02744909085730148,-0.0038272657601030394,0.035857692596648935
2018-02,-0.05758711330241231,-0.055895780544156615,-0.04809397223435714,-0.04676765765334878,-0.044270582009930316,-0.04028274059022738,-0.03671156440933691,-0.03614000829559093,-0.044607756083140555,-0.02321700229278459,0.034370111009627724
2018-03,-0.10763526728588922,-0.08195633465800471,-0.07371288675233256,-0.054101650320094785,-0.0575658207440932,-0.06427532888572711,-0.06522617392683266,-0.06165008479857195,-0.07814836843766793,-0.07736223380046105,0.030273033485428175
2018-04,0.009184475630580717,0.05577303419286308,0.05886167458056744,0.061815804445980366,0.0755880096067112,0.08164568117603334,0.08775943718410499,0.09689828576259174,0.09056064873979663,0.13535308926237535,0.12616861363179463
2018-05,-0.04522864742502675,-0.0828227934224523,-0.061989945668362766,-0.05632838663853709,-0.04746553093760846,-0.058217062932654155,-0.0592560728014725,-0.06563133201892003,-0.07538848316777279,-0.09696535454991335,-0.05173670712488661
2018-06,-0.09867591339583835,-0.07945185281873764,-0.0694382603998903,-0.06674004972650972,-0.06412927606502228,-0.06065319354089151,-0.0723667203218845,-0.08006811845692835,-0.0748605775520247,-0.08883521474702843,0.009840698648809917
2018-07,0.0125253650441643,0.04981665419080045,0.04596415124185007,0.03273016487885362,0.041718089558638295,0.03172250559867416,0.0307111675157001,0.03028841882345697,0.04285696656891677,0.0503584048354545,0.0378330397912902
2018-08,0.025396203683626883,0.035046213302393915,0.03454194967777819,0.03934784725030956,0.04291101626573588,0.04362029755542656,0.03537524068137274,0.034391344580808336,0.04387473873230167,0.06183552048558009,0.036439316801953205
2018-09,-0.20208597092622857,-0.1992949589663415,-0.1672344012006597,-0.15119636930750902,-0.1452219052797714,-0.13772707639471823,-0.14798545848012956,-0.14156392971321774,-0.12751590120609327,-0.15155789754874452,0.05052807337748405
2018-10,0.01963313430386999,-0.00036267563317035097,-0.0002680549393647413,-0.0016680292311491982,-0.014860105976783158,-0.02505143408433814,-0.00924245426511536,-0.01791742765633951,-0.03599719336892757,-0.02017218689801702,-0.03980532120188701
2018-11,0.061065372771011726,0.007798021265561066,0.009835908404980847,0.017792159772153492,0.015579964246014757,0.009168890942789148,0.01234006682947488,0.01712260039238971,0.022044858081645677,0.006901625174355555,-0.054163747596656174
2018-12,0.03417906307923653,0.04261390512410177,0.023834730117327476,0.029646128457838733,0.021342328850242964,0.013196637917444532,0.02342756351968267,0.0162094458563801,0.012953943455447077,0.006352787105501534,-0.027826275973734996
2019-01,-0.11357748131443927,-0.08573346034487594,-0.08798025791958458,-0.06421652408713305,-0.07138439961472458,-0.05387890521255081,-0.05546074666720533,-0.04651817310155374,-0.027826672802360636,-0.033703527626972894,0.07987395368746639
2019-02,-0.014446020519343938,-0.02291891343754483,-0.026874859182688893,-0.01673338585813264,-0.010671888812862546,-0.015218507945944787,-0.017441026694552716,-0.014233652011266773,-0.01083272568348849,-0.006405852275356015,0.008040168243987924
2019-03,0.11442691051294113,0.13372883446731373,0.11748195458571624,0.10444674905643785,0.10776646725194845,0.0978654555549499,0.08493150051123628,0.07562214806220811,0.07665252833301017,0.07128287855716199,-0.043144031955779136
2019-04,-0.056112722086318345,-0.038744570534632934,-0.04125789270230062,-0.039789094370807736,-0.035919266858311864,-0.02624270923140407,-0.025541746839337257,-0.016479540682117124,-0.012451225229118956,-0.00845381648342543,0.04765890560289292
2019-05,-0.024585314811706557,-0.011795129759426268,0.00892436382373647,0.02136878574579984,0.002723136971241595,0.014549861579056545,0.027184529851651734,0.023602292841436737,0.026290074909847274,0.031483276439569226,0.05606859125127578
2019-06,-0.16826226065453,-0.08842769837830837,-0.06394901760797803,-0.05193497727795959,-0.04031707325876182,-0.03415597507366101,-0.03130029599432008,-0.017572951779565273,-0.02882745596125162,-0.05252943314374083,0.11573282751078917
2019-07,-0.17804215581276014,-0.12860328780869024,-0.11916763914696736,-0.10680208735651718,-0.10445676524413249,-0.09138481598839837,-0.09318677471700697,-0.08730028184924642,-0.09436786292913875,-0.10413245341898682,0.07390970239377333
2019-08,-0.09882129151323286,-0.0411825235310938,-0.03107870982641678,-0.00876996587573801,-0.029559148315406472,-0.017574032521163213,-0.009496170872425191,-0.004363061771716932,-0.001429717615031905,-0.0013255718606116117,0.09749571965262126
2019-09,0.02615136456742533,0.06684726739558304,0.06205262586741681,0.05667362609883417,0.02536431539752525,0.03560137423274968,0.03915023680003891,0.055207788742281966,0.03558116507818206,0.0647425104374808,0.03859114587005548
2019-10,-0.07028043839881237,0.022141495188121724,0.033955222464140615,0.033634401545351515,0.043755678966244584,0.036429607791767425,0.025426346015656635,0.022139601267442407,0.036766073539919855,0.027593950998559977,0.09787438939737235
2019-11,0.09655641774309559,0.01704090790963104,0.01416064873603965,0.010513672144953542,0.00045547519541710817,0.005633033213488355,0.011974674728357435,0.007264456210356765,-0.001468462140722111,0.012675976598706193,-0.0838804411443894
2019-12,-0.05604117623507968,-0.008210140257054068,-0.007711038419645132,-0.01218155779621296,-0.006165854358529309,-0.000992417834055421,0.004244071255556307,0.006795020428647239,0.014156941815379015,0.016582101550798287,0.07262327778587797
2020-01,-0.00520747859190485,0.05715288248430651,0.03561123719223913,0.028737977308898422,0.03517531433068879,0.03628802754643421,0.031532822133162657,0.06255199694013637,0.06968084257455934,0.06526207357556342,0.07046955216746827
2020-02,-0.14320074378359415,-0.11110822449942143,-0.09892023463038456,-0.0824370504900946,-0.06076974646437807,-0.049496871808413945,-0.03920274392363676,-0.014499462968704952,-0.0023178933891142687,-0.01856103660611515,0.124639707177479
2020-03,-0.35527159186927926,-0.3512520307780272,-0.31912764729821513,-0.30790617789641167,-0.2947728705023588,-0.2800586741371223,-0.2724705711934641,-0.2617722171700884,-0.24842306397420907,-0.25419401351776155,0.1010775783515177
2020-04,0.3455469645183147,0.22698093670166783,0.19189814284128334,0.17234192921631916,0.16282180949115851,0.150548265472065,0.15780593655856137,0.1590902139725617,0.14639769530606425,0.16133638278367712,-0.18421058173463756
2020-05,-0.06714392857811301,-0.03465500697075783,-0.03742390993807032,-0.020629718560864384,-0.020232442300727318,-0.01976381961165834,-0.02329273159594865,-0.009928807166263058,-0.00012264807820722956,0.010043927575230373,0.07718785615334338
2020-06,0.3862815549809903,0.22430308560402382,0.18535188577164166,0.16264702290578872,0.14603708190397782,0.13325964223106004,0.13244755084662038,0.11799066514252517,0.1195746293358083,0.11379071875589757,-0.27249083622509274
2020-07,-0.015556030097649137,0.018761066329214992,0.014864972335070975,0.04761719617996626,0.03890944248548823,0.05521008884042979,0.05970949377692677,0.07781057900195233,0.0700315123043027,0.08321389071128121,0.09876992080893035
2020-08,0.17390605057540118,0.14482133715379614,0.12504121897143505,0.10445898863289839,0.08116926310694973,0.07542026192781363,0.05386517323324153,0.07107587514027384,0.07425470506485182,0.08903410246609182,-0.08487194810930936
2020-09,-0.05506623226440843,-0.03903212151057557,-0.020498750386279185,-0.012707082949664621,-0.005295846207331041,0.0026148761337255488,0.01753245857735238,0.04082103620265001,0.04097190484077313,0.056023351076191136,0.11108958334059957
2020-10,-0.004960633489624357,0.014716146359479694,0.0050298005747445055,0.015420344237026597,0.003868541840959331,0.0016547902001346438,0.004397816917548079,0.0008768852044085245,-0.02296297977270371,-0.009886029254168295,-0.0049253957645439385
2020-11,0.20449210476973537,0.17222838486082945,0.15091220314609577,0.1422122915057014,0.11881970530561392,0.11867811978714105,0.10024048623193689,0.08400378862984874,0.07643935383445231,0.07454392482987726,-0.1299481799398581
2020-12,0.08224218658095843,0.08506090058682701,0.09156627333037393,0.08543006576954672,0.0847469041265194,0.08136959792553515,0.07270116908683931,0.06544153407611054,0.06446233712156507,0.0770483549802415,-0.0051938316007169305
2021-01,-0.01443248931999041,-0.003849645156212869,0.0037236824598296126,0.0014798274782285268,0.0018269332917059918,0.010155836147360148,0.0014211884537173997,-0.0006579437374114247,0.004481279207332656,0.011073008777430867,0.025505498097421277
2021-02,0.10788724551491886,0.09949086456436684,0.08891048423392396,0.10523215660047112,0.10027355215991551,0.11530138174111372,0.13762735808899187,0.1324361581943723,0.12051159628565762,0.16137498911020268,0.05348774359528381
2021-03,-0.026441785644565285,-0.008020721131873297,-0.005264523964459648,0.007677550135189336,0.006301014350778482,-0.0005033166038736467,0.013035270660505006,0.005999232631791217,0.013799968067285812,0.0026132074622338027,0.029054993106799088
2021-04,0.0449499846464197,0.027777621328340923,0.029313400578652032,0.025715641573489722,0.044568847062578604,0.024368081365260124,0.04499886857346249,0.033439426421827526,0.06540836006125772,0.09978773898358922,0.054837754337169524
2021-05,0.0950418767310368,0.1067895052904647,0.10458723435269572,0.09795254213361199,0.10258774009841111,0.10580551480873264,0.10533637528095618,0.10683418832741172,0.09385618133493301,0.09255702803755822,-0.002484848693478578
2021-06,0.08870344196569953,0.07492209088764269,0.06209716727679432,0.06009539905427989,0.05972869217862023,0.06288616898505504,0.07660820127553984,0.08448774048087371,0.061111880580024924,0.055221740103247596,-0.03348170186245193
2021-07,0.02695285326256842,0.0204488105155952,0.035177897757746934,0.033167631236250786,0.043701771715339364,0.04535544247630152,0.05363789169117252,0.0683105334970672,0.05923297240390251,0.05488637707982838,0.02793352381725996
2021-08,-0.05963490391172573,-0.016789015323653563,-0.0051217905334930034,-0.004026270830212983,0.001589086347690185,-0.009340326087013774,-0.0043481287340401825,-0.0133624906599357,-0.03003146686416447,-0.018072394702776624,0.041562509208949105
2021-09,0.07822354231772487,0.05710484195627527,0.06741709140175604,0.06227404479348859,0.05659855638675535,0.060697274710318626,0.06262649460494751,0.0637209319743884,0.062213234566729954,0.058232328391972066,-0.0199912139257528
2021-10,-0.017584047352279877,-0.017617918569117177,0.0011217901583058375,-6.726441371542365e-05,-0.0018652677053580284,-0.004711114198012523,-0.003951636921187039,0.0105414931330541,-0.0049079422821659315,-0.016147201317269877,0.0014368460350100004
2021-11,-0.05163580402330703,-0.03571689046853375,-0.03679108094536247,-0.029712205565075676,-0.025800326747806062,-0.014388682992800515,-0.02174971149100187,-0.017018348614353095,-0.007073569071895378,-0.018215327791974285,0.03342047623133275
2021-12,0.03146082324204239,0.016451321939617056,0.023868513576519076,0.031138351230552253,0.02846997390541244,0.03212898910708775,0.03998158299696057,0.03860990921188979,0.0690011090929034,0.0717117034141445,0.040250880172102106
2022-01,-0.0015619345621563623,0.015160995657118342,0.007560694274107475,0.014450004011394674,0.0110348828380281,0.000985791986363509,0.0012460911000723059,0.004707846823918908,-0.006442251862361776,0.010223698558353093,0.011785633120509455
2022-02,-0.11360489691846,-0.08604662673767026,-0.0814118733754911,-0.07394007512206609,-0.07240913874770474,-0.0637752411895592,-0.06445833260520073,-0.07434563402984985,-0.08155736320723994,-0.08238715182422963,0.031217745094230365
2022-03,0.010152082394541658,0.02929612788882815,0.019799972472958786,0.025675723030844866,0.04366801812684145,0.046144747695743116,0.044590953816821245,0.07490932430113813,0.09185208882927247,0.08965381344694313,0.07950173105240148
2022-04,0.047463522524638625,0.04008728477100674,0.02535720081017799,0.026711801921049386,0.023606640743435544,0.02930007643605291,0.026792604925620262,0.014548002054597067,0.005588953268928499,0.005683617421218865,-0.04177990510341976
2022-05,-0.09792682213819921,-0.06943410060870676,-0.060335255692439076,-0.06187526491015863,-0.061012255549554716,-0.07110514683158481,-0.0740849865152728,-0.08115423537566953,-0.09061144830778811,-0.0956991960710636,0.002227626067135613
2022-06,-0.08807269958539247,-0.06916578275697616,-0.06440555830751989,-0.06015401380493438,-0.05118883286986367,-0.057610083185596406,-0.05333413067684136,-0.059270000996684176,-0.06550512058050424,-0.07581802996692909,0.012254669618463387
2022-07,0.09400515927682118,0.10337877940782904,0.09488232049080991,0.10349805451150368,0.09649583394349115,0.09892866449098121,0.1066501837424426,0.09189544155859974,0.08974579249358909,0.09480653810932856,0.000801378832507374
2022-08,0.08280019516347144,0.04747723315569152,0.0450055135001255,0.04936557544308005,0.049281336494958305,0.06111098406245879,0.0582841542275877,0.06469341877055075,0.08022128808497414,0.058511973060424945,-0.024288222103046493
2022-09,-0.03870011329645628,-0.030668682213772686,-0.032134460690685145,-0.030768734535637898,-0.010039381218716297,-0.024065708102637678,-0.017582878257874083,-0.008100632423424937,0.004814818176462022,-0.014204378887626013,0.024495734408830266
2022-10,-2.046561794774813e-06,0.008908330449574472,0.009765907080490773,0.01808594201619731,0.015006699191703133,0.027711858657198368,0.02425837614391324,0.023421029748490908,0.015821121473287184,0.011079536315045902,0.011081582876840676
2022-11,0.03583923130242751,0.02855130374714006,0.039268959293996576,0.04601876404476932,0.03542246870491985,0.03272111552417773,0.031203285114804098,0.028971777737455975,0.020671847614912794,0.03592037432740345,8.114302497593678e-05
2022-12,-0.00903929621590366,-0.018395895201266943,-0.02194589676127674,-0.020591126216159713,-0.021228003571419785,-0.024173523570888453,-0.0212201384405276,-0.022961547294769926,-0.02088844584214126,-0.026282790016185553,-0.017243493800281895
2023-01,-0.035473616886449504,-0.025183462852615617,-0.028369406934424166,-0.017020890766279263,-0.027891118193469597,-0.03275744227589536,-0.026114884386890233,-0.029244688487435267,-0.030074413631604832,-0.044786074215126204,-0.0093124573286767
2023-02,-0.03621751088563475,-0.04536820786344193,-0.03668832383587151,-0.03622756618599219,-0.028422287436558624,-0.030533608296215625,-0.035635207654066074,-0.033662743983095995,-0.053460002908966076,-0.08444772309424435,-0.0482302122086096
2023-03,-0.023963468147085557,-0.022169746136729396,-0.008717513828513235,-0.011725902086212723,-0.014474765848509744,-0.005656953836553445,-0.0064182741777105735,0.007313251316797855,0.013908344124637711,0.027359239026164505,0.05132270717325006
2023-04,0.09455260152271942,0.08078463821458186,0.07099927017175843,0.07643884198776679,0.06383280018248215,0.05675415995246402,0.06827124423515325,0.06774524428147523,0.08746393394917633,0.11560434868087484,0.021051747158155415
2023-05,0.057452341732518675,0.04760227127240125,0.05433191030495479,0.060558596570842345,0.05922576891322389,0.05233130431851604,0.044990469685623646,0.05091414421532481,0.05137559670810491,0.043917741835789254,-0.013534599896729421
2023-06,0.07708623472909996,0.06925760814257091,0.0607264817759726,0.053428670935364055,0.04581052286545965,0.06594939513592327,0.060275560326024456,0.06624479960498257,0.07006127588051823,0.0954883374177528,0.018402102688652833
2023-07,0.040904189337265875,0.050878829063375035,0.05781801627824981,0.057429867847135725,0.058700360968487325,0.06200932943103318,0.07071939325494107,0.07909784498339299,0.1034628834751839,0.14107522541599035,0.10017103607872448
2023-08,0.05469308579519494,0.044106874780989506,0.060190381777560725,0.035343988771753536,0.03397458893577373,0.041866430866298966,0.04733899376935898,0.0341087319247221,0.06847453332794343,0.07514891696230291,0.020455831167107974
2023-09,0.03540620688860866,0.043846357553917165,0.029280744254338617,0.03077371630618837,0.02843814980623649,0.03508746816283435,0.028520179218391766,0.019265419519076683,0.04780216699987919,0.0373212127517043,0.001915005863095641
2023-10,-0.045927120136006576,-0.039694641314390385,-0.03270240120129616,-0.026629691394324112,-0.021486592440372612,-0.01779987921013448,-0.00649628303799096,-0.01802623052408513,-0.006462475402301912,0.007602236311327136,0.05352935644733371
2023-11,0.06307402207433276,0.07369285460424814,0.07475296273200842,0.07685320066547588,0.08428049890786808,0.07774535743846482,0.07924626307885344,0.09905533386776032,0.11167983679629845,0.09877568850271394,0.035701666428381185
2023-12,0.09254154683552938,0.07599995741131325,0.07345104140711661,0.07680577287902635,0.0821847604640774,0.06678223003865683,0.08739249340775894,0.07389998162829499,0.08204396901805307,0.06874899478798856,-0.023792552047540827
2024-01,0.024636073063435408,0.01717542528033268,0.03977594884350754,0.04597913428481718,0.06345258740707249,0.07270445978008776,0.08254026206986427,0.0902228709800461,0.12311170199775763,0.15047431400469088,0.12583824094125548
2024-02,-0.024397770289227003,0.008517535618272851,0.006206547081621557,0.00483615061492403,0.016308988867976618,0.016085350984230917,0.000827798733758917,0.007862879449636583,0.0008754359368394969,-0.02270502518390077,0.0016927451053262328
2024-03,-0.04523268055885624,-0.022794071754991933,-0.021962651637472897,-0.027889986222908576,-0.01910083597726279,-0.03682114583055981,-0.035813635961688906,-0.04077402496612748,-0.0575410597734474,-0.07551071145954495,-0.03027803090068871
2024-04,0.09563328136232456,0.07256485612410055,0.06807611719666076,0.06731021077177196,0.06589159731439055,0.08962716205360399,0.08232992274780013,0.09839750683984051,0.1099272052491489,0.12928402277695086,0.0336507414146263
2024-05,-0.019057387919917162,-0.0001832956564060545,-0.01836127743206697,-0.019304180042068814,-0.009643296353834723,-0.01905279015813542,-0.006542970799831928,-0.012922690047592009,-0.0006971948951834198,-0.0021804872057036655,0.016876900714213498
2024-06,0.08139375191248745,0.09133325416411675,0.09305613839213445,0.10429212024115327,0.08319481280407717,0.08342063181212273,0.08056130179336245,0.08154103773990491,0.07655055625506439,0.05823668882339166,-0.023157063089095785
2024-07,0.04671522509124395,0.05533916068521343,0.05747012636862673,0.05374941369047537,0.06696937399417129,0.06963731594174268,0.06250341011611739,0.06806395960937134,0.07289171719299119,0.07949250110967064,0.03277727601842669
2024-08,0.0041673671754747675,0.005115078120279302,0.0058398145421030235,-0.0027422283754915794,-0.0004817936336833676,0.012993331592818944,-0.006793775215810888,-0.0030319249591857413,-0.00575520940293717,0.00917088336989605,0.005003516194421283
2024-09,0.013134473749202123,0.028730959286878504,0.011161168495395774,0.005684255000380663,0.01536830357620312,0.022965813928145104,0.02003218860899071,0.009562640975389954,0.012404315848780295,0.008048294652096798,-0.005086179097105325
2024-10,-0.06432365560421867,-0.07325866044577974,-0.06230102962840997,-0.054212243902316375,-0.061405311051512784,-0.05721409978706408,-0.07074921703456909,-0.06945221985887921,-0.05564883564694532,-0.046884864386566694,0.017438791217651975
2024-11,-0.006155456184479001,-0.012826164764725458,-0.00906192806932093,-0.011492613467582027,-0.0004719906025265691,-0.0059705654487589065,-0.0018040169340458947,0.009389930503864132,0.013078433350216625,0.007459566894670318,0.01361502307914932
2024-12,-0.009866392108001824,-0.015861517757996126,-0.00968250091418398,-0.004054407417119041,-0.011757770111990267,-0.008330449771095195,-0.009776906592663228,0.00608378029417547,0.01892666105934054,0.0193765437225626,0.029242935830564424
2025-01,-0.05474636930642102,-0.047748181028580854,-0.045159806475564584,-0.03845176684970078,-0.040343472647935974,-0.05714644217802547,-0.06266262862296895,-0.08688875547926017,-0.12528987312843334,-0.11744775164135078,-0.06270138233492976
2025-02,-0.14461232150632414,-0.1315125538102863,-0.1155577054678306,-0.10991351789545384,-0.11165672895946936,-0.11563735984081018,-0.11267268207480523,-0.11775422200557645,-0.1270710452046482,-0.1465307421841541,-0.0019184206778299628
2025-03,0.07405313072437888,0.07703003312480501,0.07774483877064647,0.07266804522913722,0.0872153241117687,0.0892756139766407,0.08080719090930004,0.08529908023245146,0.09707925546404046,0.10562351182466394,0.03157038110028505
2025-04,0.05279556877243601,0.034798428463987875,0.03673313805611686,0.02776919402656752,0.0265093923787174,0.028714729691996097,0.026117432593907784,0.016402088237174414,0.016864054603892252,-0.0016162997682665598,-0.054411868540702575
2025-05,0.13005613274259276,0.11512854497561491,0.0830057556151887,0.08040014372208913,0.05967744681980542,0.07879782855275806,0.05991486149281162,0.07023547800098902,0.09016187825443106,0.09279625168840687,-0.03725988105418589
2025-06,0.0348482599195336,0.02483038555145528,0.03322475339147388,0.035758463244063954,0.0340462198071681,0.03364469572348013,0.04205453575362456,0.04232197917328007,0.04696534847772038,0.053350287357743276,0.018502027438209674
2025-07,-0.049503281620123886,-0.04579889614913488,-0.023935994921541293,-0.02501441423145083,-0.017365528667315316,-0.033357512639985806,-0.019361199239615642,-0.030032143284775503,-0.024748633806709247,-0.026432206002136565,0.02307107561798732
2025-08,-0.03227887087513289,-0.04061808886890989,-0.03485543509328574,-0.020002829819352093,-0.02385054587256286,-0.024343782775785278,-0.025429359787773987,-0.021649306911453767,-0.03194701591319179,-0.027283973174111877,0.004994897701021014
2025-09,0.014915980069261528,0.010662597293054361,0.017243265888506,0.016916604149245316,0.020404476379892175,0.02159925827615153,0.03730016821564657,0.03013458243610717,0.026631814315411426,0.020623557423767386,0.005707577354505859
2025-10,0.022345660754080166,0.03136749110115123,0.03796647988202159,0.0227297799107359,0.035462754602141745,0.03647835161898641,0.04735805560300338,0.046834454320537705,0.05310357791562287,0.039052557717422234,0.016706896963342068
2025-11,-0.040089908054157845,-0.028562661908744787,-0.018455239473872367,-0.013570411130114585,-0.024499331372825218,-0.01706746092604328,-0.016253246003869303,-0.022776708866369327,-0.02013330986538409,-0.021682183982617415,0.01840772407154043
2025-12,-0.021557882875035652,-0.00776799886972243,-0.008540146721061877,-0.010595235753583057,-9.947123036653574e-05,-0.0061460434708273575,-0.006816964753886121,0.007848227443939567,0.005184872204406612,0.018143919345196557,0.03970180222023221
2026-01,-0.0759575659062759,-0.06073371994299681,-0.056722390304624705,-0.04690860113138703,-0.03936719410104085,-0.040638420688053914,-0.029945869311616424,-0.03589725258787051,-0.027427798760241106,-0.048703259624057034,0.027254306282218872
2026-02,0.02262742848683083,0.012938212672333338,0.013778175864647172,0.02581627278451661,0.027464723224901465,0.03958047026500375,0.04856496309504397,0.05948111539622758,0.05419945836314861,0.05132452033763731,0.028697091850806482
2026-03,-0.13107223146948702,-0.11399384695885738,-0.11377863468547707,-0.10931223650922993,-0.0995554819242238,-0.10773240772669068,-0.11615605841833565,-0.11523821096274788,-0.10910786854526106,-0.10495613126813629,0.02611610020135073
2026-04,0.2606437539055213,0.20541386263935033,0.1904804882239277,0.1598331692655004,0.15687623843150353,0.1490870190243669,0.1528742352862788,0.16112600416557146,0.14621807438697468,0.175047958377026,-0.0855957955284953
2026-05,-0.01339410965137002,-0.0007355754046579674,0.00905619644609471,0.015007437891881742,0.016927161268694254,0.010780038927260116,0.020370236739422707,0.021889374591463076,0.027260813707890894,0.06713929470145338,0.0805334043528234
2026-06,0.033248057871118473,0.031459637302492974,0.02500523207184788,0.027784275560751196,0.028054571016909575,0.029309678825442997,0.025474996070552255,0.013995133677960792,0.01172797761684972,-0.002367879842697007,-0.03561593771381548
2026-07,0.027542173693714048,0.0327561631243625,0.021008084962128557,0.024022731074111386,0.012121679599255369,0.021907443291424213,0.01390011943267787,0.0243443478032432,0.014562848571985984,-0.01424908800207436,-0.04179126169578841
2026-08,-0.0025526394794277234,0.0034150460987273437,0.0044521300772412805,-0.0043153309606344175,0.00782136349734556,0.015321620536244905,0.018024537371673127,0.032659382007516675,0.04861973301030048,0.08658637081565417,0.0891390102950819
2026-09,-0.061086126125171565,-0.05274957590489837,-0.056143162245007906,-0.049245619813232965,-0.0557354964889425,-0.05281855880940495,-0.042896999107370666,-0.03501448841907348,-0.01279540806325693,0.008262436259855559,0.06934856238502712
