portfolio,mean,t_statistic,beta_nifty_500,alpha_nifty_500,alpha_t_nifty_500,beta_equal_weighted,median_daily_traded_value_crore
P1,0.0029089568482730268,0.39632007274465514,1.5898328294807471,-0.015978198166335843,-4.207070486429459,1.2249536907222331,9.086475748333331
P2,0.007982287323239814,1.2578969880105941,1.4449657737244739,-0.009183852445085358,-3.3511846553962776,1.0553077760801786,10.2875892875
P3,0.009999551310448588,1.7173589815967472,1.3535357988967376,-0.006080403749942689,-2.6919693692810096,0.9756531893070659,11.110707575416667
P4,0.011122224751778072,2.0753708983441457,1.259416243696512,-0.0038395934856660574,-1.9800969756881843,0.8990268293753411,11.723591215833332
P5,0.012048430441147,2.350453403149339,1.2137015218895406,-0.002370298597730265,-1.3508891820326303,0.860903034467376,12.115336139583334
P6,0.012372324689028541,2.509158278360634,1.1750758254996554,-0.0015875325101589813,-0.9928830526260108,0.8288853981833983,12.611105483333334
P7,0.013146235208678744,2.7047946595234267,1.1572641913775397,-0.0006020204381381636,-0.3790679148423843,0.8139710030610862,12.585502386458334
P8,0.014602007688956023,3.05065915402004,1.1233462617363656,0.0012566957875621398,0.7190054236379045,0.7974792314574838,12.24134915625
P9,0.015790713719324664,3.352257827496553,1.0752551638470138,0.00301672227616763,1.5000357862668823,0.7732080299105011,11.23452005625
P10,0.017083612528746517,3.287224575093149,1.1258371582148758,0.0037087088696265537,1.3797588875282782,0.8163600084048612,9.430608106874999
P10-P1,0.01417465568047349,3.219209707731338,-0.4639956712658716,0.0196869070359624,4.828821030423907,-0.40859368231737253,
