strategy,universe,ranking_months,holding_months,skipped_days,compound_annual,benchmark_compound_annual,excess_annual,excess_t,volatility_annual,sharpe,maximum_drawdown,worst_month,months_beating_benchmark,excess_first_half,excess_second_half,annual_turnover,months,first_month,last_month
jt-momentum-j9-k6-skip0-all,all_shares,9,6,0,0.27414044926800507,0.08852637014425957,0.1856140791237455,2.2860533748750127,0.2498353897323433,1.1007127831212897,-0.2650940078830798,-0.1638791927917713,0.5689655172413793,0.28358262751077756,0.10319731022561718,1.6271433223404763,58,2021-12,2026-09
jt-momentum-j9-k6-skip5-all,all_shares,9,6,5,0.27109359548065504,0.08852637014425957,0.18256722533639547,2.244819108813479,0.2509645106228855,1.0872309975234773,-0.26866991797842643,-0.16665784209000184,0.5689655172413793,0.27878421253361996,0.10155695956455446,1.6485533841020825,58,2021-12,2026-09
jt-momentum-j12-k3-skip5-all,all_shares,12,3,5,0.2699059028547932,0.08852637014425957,0.18137953271053364,2.210954495555207,0.25443647950561615,1.0721595052305137,-0.2696668349011777,-0.16557194939681805,0.5689655172413793,0.2685559916438123,0.1074780567805782,2.098837874703077,58,2021-12,2026-09
jt-momentum-j12-k3-skip0-all,all_shares,12,3,0,0.26493277540572047,0.08852637014425957,0.1764064052614609,2.198293544257666,0.25058995528582795,1.0690266740731809,-0.2663619614462489,-0.1655273315107395,0.5689655172413793,0.26063930318046813,0.10489361808847608,2.0557663484752497,58,2021-12,2026-09
jt-momentum-j6-k9-skip0-all,all_shares,6,9,0,0.2627629653009982,0.08852637014425957,0.17423659515673862,2.194393888834308,0.24877632078097459,1.0679762223311313,-0.2641406343619995,-0.16584312640044274,0.5862068965517241,0.27522344660829123,0.08963964116871015,1.3991765080137772,58,2021-12,2026-09
jt-momentum-j6-k6-skip0-all,all_shares,6,6,0,0.258854860216974,0.08852637014425957,0.17032849007271444,2.1160482508596643,0.2468311282447426,1.0619116938449917,-0.2730100122303387,-0.16235238093070964,0.5344827586206896,0.27870680595140995,0.08010555945549602,1.8790578627435557,58,2021-12,2026-09
jt-momentum-j6-k9-skip5-all,all_shares,6,9,5,0.25865360572414486,0.08852637014425957,0.1701272355798853,2.1417476659427894,0.25033032118003695,1.049445207034898,-0.2646090728456537,-0.16607681094195717,0.5689655172413793,0.2673224150720679,0.08852813976975393,1.4245506320806753,58,2021-12,2026-09
jt-momentum-j9-k3-skip0-top500,most_traded_500,9,3,0,0.2566222983134945,0.08852637014425957,0.1680959281692349,2.0993572589869176,0.2560134106413648,1.0247342380983064,-0.26341676735105723,-0.15293698245412332,0.5862068965517241,0.21584536719958702,0.12630448018984208,2.456234377252432,58,2021-12,2026-09
jt-momentum-j9-k9-skip0-all,all_shares,9,9,0,0.2564769516543286,0.08852637014425957,0.16795058151006903,2.1283292512694603,0.249739464488725,1.0444419651228636,-0.26922031964641824,-0.1697912350370593,0.5689655172413793,0.25406391403126394,0.09505550449734157,1.350677506957114,58,2021-12,2026-09
jt-momentum-j12-k3-skip5-top500,most_traded_500,12,3,5,0.25602687588853934,0.08852637014425957,0.16750050574427977,2.140557399915491,0.26211800748700237,1.004873563017895,-0.2796586889626832,-0.1432291478491114,0.603448275862069,0.23047475590703081,0.11316515673903571,2.2456857269480883,58,2021-12,2026-09
jt-momentum-j12-k6-skip5-all,all_shares,12,6,5,0.25505997017423243,0.08852637014425957,0.16653360002997286,2.07587436072843,0.25478817325913283,1.024284185007438,-0.2759277327194155,-0.17251713001562555,0.5689655172413793,0.24951540652399595,0.09613126285214646,1.5124086002637753,58,2021-12,2026-09
jt-momentum-j6-k6-skip5-all,all_shares,6,6,5,0.25476848793748963,0.08852637014425957,0.16624211779323006,2.0625172620557186,0.2488246777105761,1.0418864146430329,-0.27892900296025247,-0.16283883416031628,0.5517241379310345,0.27532159493466923,0.07554801997833716,1.9035993460901608,58,2021-12,2026-09
jt-momentum-j12-k6-skip0-all,all_shares,12,6,0,0.25472690637368456,0.08852637014425957,0.166200536229425,2.098223155953337,0.25240714550334975,1.0305839737595022,-0.2731183192497989,-0.1717569723397883,0.5689655172413793,0.24859638001306172,0.09626653816393249,1.4873460997234165,58,2021-12,2026-09
jt-momentum-j9-k3-skip0-all,all_shares,9,3,0,0.25444150584513947,0.08852637014425957,0.1659151357008799,2.0657194795683065,0.24603776342373335,1.050284511614993,-0.2687833493069577,-0.16392799022859678,0.5517241379310345,0.2657077452345187,0.08236277673877401,2.306004078721568,58,2021-12,2026-09
jt-momentum-j9-k6-skip0-top500,most_traded_500,9,6,0,0.2539617417141169,0.08852637014425957,0.16543537156985733,2.1862325381286487,0.25189574317287394,1.0287818152066348,-0.2798316976169286,-0.14855880901603413,0.5862068965517241,0.21446990907119434,0.1225945423969852,1.7100154378030985,58,2021-12,2026-09
jt-momentum-j9-k9-skip5-all,all_shares,9,9,5,0.2506671234447191,0.08852637014425957,0.16214075330045952,2.0673690013957366,0.25045756569211525,1.0234436030373233,-0.2722304123878615,-0.17237055493220277,0.5862068965517241,0.2462194550215293,0.09092422936418454,1.368329037422161,58,2021-12,2026-09
jt-momentum-j9-k3-skip5-all,all_shares,9,3,5,0.25001753659956205,0.08852637014425957,0.16149116645530248,2.011298212861725,0.24718631129349308,1.0322091650292946,-0.27247829275625013,-0.16728355141468026,0.5689655172413793,0.2540322474731298,0.08363597306123283,2.3522397511712927,58,2021-12,2026-09
jt-momentum-j9-k6-skip5-top500,most_traded_500,9,6,5,0.24973346666001484,0.08852637014425957,0.16120709651575527,2.1488852831606313,0.2516815340613049,1.0158364348282318,-0.274246347689065,-0.14730990566468066,0.603448275862069,0.21184001784334883,0.11707242836475151,1.7440664761692757,58,2021-12,2026-09
jt-momentum-j6-k6-skip5-top500,most_traded_500,6,6,5,0.24923295957844127,0.08852637014425957,0.1607065894341817,2.176689629641472,0.2470595643076064,1.028900459642733,-0.26800875785659994,-0.14860715796428373,0.6206896551724138,0.2124089614855602,0.1156899965896585,1.957502902533753,58,2021-12,2026-09
jt-momentum-j6-k9-skip0-top500,most_traded_500,6,9,0,0.24716995737455627,0.08852637014425957,0.1586435872302967,2.271427016240994,0.2451266645942159,1.0284849361585595,-0.2913032218428807,-0.15434325609131389,0.6206896551724138,0.22852685031898634,0.0987959056212604,1.417650682509744,58,2021-12,2026-09
jt-momentum-j6-k9-skip5-top500,most_traded_500,6,9,5,0.24614455957869352,0.08852637014425957,0.15761818943443395,2.2522815996012673,0.2469419427603287,1.0192578562863697,-0.2880266415657031,-0.15633043389205437,0.6379310344827587,0.21779375494376807,0.10565929406475538,1.4309000925997974,58,2021-12,2026-09
jt-momentum-j12-k3-skip0-top500,most_traded_500,12,3,0,0.24419951051693056,0.08852637014425957,0.155673140372671,2.0624444544190874,0.25719021670968717,0.9818669065256627,-0.28262661645662446,-0.14520179962036453,0.6206896551724138,0.20555709880608442,0.112203743140606,2.225990932721311,58,2021-12,2026-09
jt-momentum-j3-k9-skip0-all,all_shares,3,9,0,0.244102728342793,0.08852637014425957,0.15557635819853344,2.0237492523156546,0.24546323842317266,1.017308492455883,-0.2776461252203064,-0.1631909358336932,0.5689655172413793,0.2664512831260246,0.06368718676747798,1.4427078626712593,58,2021-12,2026-09
jt-momentum-j9-k3-skip5-top500,most_traded_500,9,3,5,0.24324953110598146,0.08852637014425957,0.1547231609617219,1.9721496943125973,0.25560629354490844,0.9834675143968816,-0.2619066416298802,-0.14945243852277174,0.5862068965517241,0.21190915475842553,0.10523842634427294,2.4850952843517655,58,2021-12,2026-09
jt-momentum-j3-k12-skip0-all,all_shares,3,12,0,0.2432408866481508,0.08852637014425957,0.15471451650389123,1.9968178755241015,0.24993408637355605,1.0001399682472314,-0.27374633229667467,-0.1636119308455543,0.5689655172413793,0.26214188130443605,0.06546544379291985,1.1834481573026363,58,2021-12,2026-09
jt-momentum-j12-k9-skip0-all,all_shares,12,9,0,0.24196114424618687,0.08852637014425957,0.1534347741019273,1.9930489189558371,0.2518890985021071,0.990992679369766,-0.27499621876716673,-0.17676810615619845,0.5689655172413793,0.23358953673048743,0.08543106590325533,1.2477077078784595,58,2021-12,2026-09
jt-momentum-j6-k12-skip0-all,all_shares,6,12,0,0.24156414576951457,0.08852637014425957,0.153037775625255,1.9863447511809007,0.2493521174382391,0.9970905430382762,-0.2755131565037139,-0.16912001237526827,0.5862068965517241,0.24827232177534087,0.0732022603512057,1.1728899122558898,58,2021-12,2026-09
jt-momentum-j3-k9-skip5-all,all_shares,3,9,5,0.240889155504455,0.08852637014425957,0.15236278536019543,1.9852103766896316,0.24595380424559685,1.0051403478942895,-0.2781229653637073,-0.16313357911142012,0.5689655172413793,0.2572769815682039,0.06507256703488751,1.4751982961183927,58,2021-12,2026-09
jt-momentum-j9-k9-skip0-top500,most_traded_500,9,9,0,0.24061000377347042,0.08852637014425957,0.15208363362921085,2.163118788317409,0.24571128077444246,1.0048307122800053,-0.2868262020501746,-0.15629451305224532,0.603448275862069,0.21357709270428615,0.09910085000575708,1.372563986325604,58,2021-12,2026-09
jt-momentum-j12-k9-skip5-all,all_shares,12,9,5,0.2402227665710328,0.08852637014425957,0.15169639642677324,1.9603320615360247,0.25335194193604454,0.9811336374650556,-0.2785385570178779,-0.17828488230461245,0.5862068965517241,0.23109922811652805,0.08431023244885893,1.2695565945298952,58,2021-12,2026-09
jt-momentum-j6-k6-skip0-top500,most_traded_500,6,6,0,0.23981201781644312,0.08852637014425957,0.15128564767218355,2.068363194507957,0.2458169958759146,1.0014851027706189,-0.2704320921354507,-0.14809158626698488,0.603448275862069,0.20640128794313672,0.10353178902139137,1.9348207258140646,58,2021-12,2026-09
jt-momentum-j3-k12-skip5-all,all_shares,3,12,5,0.23784880336082437,0.08852637014425957,0.1493224332165648,1.9437730693612014,0.24971825790420546,0.9832921771661567,-0.274320973140765,-0.1631697914785941,0.5689655172413793,0.2514514714333631,0.06421566318822602,1.214129941097899,58,2021-12,2026-09
jt-momentum-j6-k12-skip5-all,all_shares,6,12,5,0.23733250548641993,0.08852637014425957,0.14880613534216036,1.9286682995592903,0.2507023958909331,0.9790566455967562,-0.2819841736799146,-0.16901166525689287,0.5689655172413793,0.24093668404851654,0.07144422933415928,1.188542422552891,58,2021-12,2026-09
jt-momentum-j9-k12-skip0-all,all_shares,9,12,0,0.235420556502681,0.08852637014425957,0.14689418635842144,1.9098873887008703,0.2515421294295241,0.9703443790756473,-0.27295365040683806,-0.1745563265535826,0.5862068965517241,0.23075173852590458,0.0760420118944094,1.1368777099026903,58,2021-12,2026-09
jt-momentum-j12-k6-skip5-top500,most_traded_500,12,6,5,0.23533421652055586,0.08852637014425957,0.1468078463762963,2.0238906830034953,0.2512277427736758,0.9704749351115393,-0.27781344426572596,-0.14436722975428784,0.603448275862069,0.20482489030123263,0.09671319560257241,1.5874392334979173,58,2021-12,2026-09
jt-momentum-j12-k6-skip0-top500,most_traded_500,12,6,0,0.23493555919096432,0.08852637014425957,0.14640918904670475,2.03316282029398,0.2501378512974857,0.9723859280880726,-0.2771323161159641,-0.1465010013639082,0.603448275862069,0.19417162910924124,0.10477407409376793,1.561617947951894,58,2021-12,2026-09
jt-momentum-j9-k9-skip5-top500,most_traded_500,9,9,5,0.23485976106312045,0.08852637014425957,0.14633339091886088,2.1016098346046963,0.24664164449977863,0.9827834728904643,-0.28516731853847,-0.1558047666225128,0.5862068965517241,0.20659200999643978,0.09441157089324781,1.3903182165097534,58,2021-12,2026-09
jt-momentum-j3-k9-skip0-top500,most_traded_500,3,9,0,0.2332675117818499,0.08852637014425957,0.14474114163759033,2.2491421172075396,0.23233950501185313,1.0235095644456362,-0.2842985192131361,-0.1496593601827385,0.6379310344827587,0.209797093453167,0.08893570263006167,1.4321098457105301,58,2021-12,2026-09
jt-momentum-j6-k3-skip5-all,all_shares,6,3,5,0.23300582056796681,0.08852637014425957,0.14447945042370725,1.7781322807247384,0.25167264327933375,0.9626097602700996,-0.3088935491782874,-0.16361132526586164,0.5517241379310345,0.26652984700562965,0.044367118666374106,2.7492388803786545,58,2021-12,2026-09
jt-momentum-j9-k12-skip0-top500,most_traded_500,9,12,0,0.2328102783136914,0.08852637014425957,0.14428390816943182,2.138739292400069,0.24474524993541633,0.9817119189808401,-0.2834827847164093,-0.1605388271449917,0.603448275862069,0.20859728556994805,0.08908467703291212,1.1380228869170068,58,2021-12,2026-09
jt-momentum-j12-k9-skip0-top500,most_traded_500,12,9,0,0.2324392290907622,0.08852637014425957,0.14391285894650263,2.0907004220989918,0.24775560420526216,0.9714348643833103,-0.2860172239802332,-0.1594976633021909,0.603448275862069,0.20639919554118524,0.09020025167698376,1.281028500626535,58,2021-12,2026-09
jt-momentum-j6-k3-skip0-all,all_shares,6,3,0,0.23229252063541916,0.08852637014425957,0.1437661504911596,1.7903386298590556,0.2477119058491347,0.9718264535740546,-0.30849632951060546,-0.16217304712405425,0.5689655172413793,0.2613264858566531,0.047028415767679466,2.671355101844491,58,2021-12,2026-09
jt-momentum-j6-k12-skip0-top500,most_traded_500,6,12,0,0.23149522933759692,0.08852637014425957,0.14296885919333735,2.152896281658481,0.2432730254659815,0.9818780033035139,-0.28960929428145366,-0.1562358717764464,0.5862068965517241,0.21658779415312268,0.08029192958567077,1.1683600314446543,58,2021-12,2026-09
jt-momentum-j6-k3-skip5-top500,most_traded_500,6,3,5,0.2313721737871437,0.08852637014425957,0.14284580364288413,1.8656490276712763,0.2549722068218788,0.947837640981237,-0.26925403554907157,-0.15485513741915757,0.6206896551724138,0.23663359631719616,0.06427755960349435,2.9038043221029484,58,2021-12,2026-09
jt-momentum-j9-k12-skip5-all,all_shares,9,12,5,0.23077514055686899,0.08852637014425957,0.14224877041260942,1.8646528792508863,0.25194288411655946,0.9540913856100053,-0.278830046633295,-0.17635888081951545,0.5862068965517241,0.22475007503750088,0.07252451343792199,1.1520857869196008,58,2021-12,2026-09
jt-momentum-j12-k9-skip5-top500,most_traded_500,12,9,5,0.23043744012738365,0.08852637014425957,0.14191106998312408,2.0665876093742073,0.24789789465059411,0.964309647056946,-0.28686998513678175,-0.15565589808827388,0.603448275862069,0.2118476875495785,0.08219751564838096,1.298245228186477,58,2021-12,2026-09
jt-momentum-j3-k6-skip0-all,all_shares,3,6,0,0.22940603943626048,0.08852637014425957,0.1408796692920009,1.8029179975074565,0.24748325187805598,0.9619088320472846,-0.3050567864136601,-0.15890361918551854,0.5517241379310345,0.2671488156785038,0.0376971234086636,1.955584984015502,58,2021-12,2026-09
jt-momentum-j9-k12-skip5-top500,most_traded_500,9,12,5,0.22924016771888467,0.08852637014425957,0.1407137975746251,2.1058203567440095,0.2453453841388059,0.9679012120351174,-0.2818867420614495,-0.1605127870219022,0.603448275862069,0.20641512508024262,0.08442679558905275,1.152250893308279,58,2021-12,2026-09
jt-momentum-j3-k6-skip5-all,all_shares,3,6,5,0.22738597665369542,0.08852637014425957,0.13885960650943585,1.7837813085358147,0.2479133079627241,0.9540974645137075,-0.29961185259478373,-0.15829745624621794,0.5517241379310345,0.254409558374614,0.04371980682238985,1.9963032088020827,58,2021-12,2026-09
jt-momentum-j12-k12-skip0-top500,most_traded_500,12,12,0,0.22734469172645833,0.08852637014425957,0.13881832158219876,2.076996639755636,0.24717944551156915,0.9560213891810747,-0.2802660155304878,-0.16225699803333155,0.603448275862069,0.19727182552309275,0.08844002001347806,1.1860400080987077,58,2021-12,2026-09
jt-momentum-j6-k12-skip5-top500,most_traded_500,6,12,5,0.22705661548482325,0.08852637014425957,0.13853024534056368,2.0919702173665464,0.24439398712684218,0.9633818179384355,-0.2853685594062386,-0.1574474154247777,0.5862068965517241,0.20403394292931476,0.08242522896979665,1.1838696488650196,58,2021-12,2026-09
jt-momentum-j12-k12-skip0-all,all_shares,12,12,0,0.22563352325224084,0.08852637014425957,0.13710715310798127,1.817540829622456,0.2538351586233327,0.9320938636015506,-0.2756096983452381,-0.17878432774719868,0.5862068965517241,0.2149168533847643,0.07115906161583352,1.186537998359505,58,2021-12,2026-09
jt-momentum-j3-k12-skip0-top500,most_traded_500,3,12,0,0.2245196930695641,0.08852637014425957,0.13599332292530453,2.1886724509072053,0.23444418369751818,0.9853398084703892,-0.28363566233547777,-0.14859498742725105,0.6379310344827587,0.19628922206828214,0.08413883648120213,1.1602512705911137,58,2021-12,2026-09
jt-momentum-j3-k9-skip5-top500,most_traded_500,3,9,5,0.22410741968806414,0.08852637014425957,0.13558104954380457,2.123879525592973,0.23277544045028692,0.9894693626851467,-0.2853346304376144,-0.15244351700743758,0.6379310344827587,0.20056347212715053,0.07992748320292442,1.4629856181307803,58,2021-12,2026-09
jt-momentum-j12-k12-skip5-all,all_shares,12,12,5,0.22338080754256473,0.08852637014425957,0.13485443739830516,1.7870356716368685,0.25461169777424025,0.9227388482380171,-0.2771707487111007,-0.17992335859826158,0.603448275862069,0.20867913020431028,0.07210467257198849,1.2014099042517028,58,2021-12,2026-09
jt-momentum-j12-k12-skip5-top500,most_traded_500,12,12,5,0.2232580394864072,0.08852637014425957,0.13473166934214764,2.0223407803733258,0.24800865404986608,0.9399011615830246,-0.2799112960181199,-0.1601116069580056,0.603448275862069,0.19826354667630008,0.08026084695133195,1.1979295145113724,58,2021-12,2026-09
jt-momentum-j6-k3-skip0-top500,most_traded_500,6,3,0,0.22196523369442,0.08852637014425957,0.13343886355016044,1.787193653726769,0.25009349644241324,0.9301181426032901,-0.2636097434629733,-0.1498657847221489,0.5862068965517241,0.2186847116216637,0.06166679921126361,2.8214144311841003,58,2021-12,2026-09
jt-momentum-j3-k6-skip0-top500,most_traded_500,3,6,0,0.21801155154948293,0.08852637014425957,0.12948518140522336,1.9736390565029218,0.2315638470995027,0.9716408285495167,-0.2705219395993065,-0.1351200555078743,0.5862068965517241,0.19282392460650932,0.07522323717143764,1.9935628929543872,58,2021-12,2026-09
jt-momentum-j3-k12-skip5-top500,most_traded_500,3,12,5,0.21727262803663439,0.08852637014425957,0.12874625789237482,2.0890476920421674,0.23400620353782176,0.9610172321639879,-0.2848950081821786,-0.15082674384093533,0.603448275862069,0.1940950066157754,0.07286656609938502,1.1889282096975573,58,2021-12,2026-09
jt-momentum-j3-k3-skip0-top500,most_traded_500,3,3,0,0.2137598334886628,0.08852637014425957,0.12523346334440322,1.7932659642653377,0.23413306364779696,0.9489140876028016,-0.27079417040873643,-0.1336031813196991,0.6379310344827587,0.21500262996222919,0.05003599094602862,3.591933583020084,58,2021-12,2026-09
jt-momentum-j3-k6-skip5-top500,most_traded_500,3,6,5,0.2114587294355521,0.08852637014425957,0.12293235929129254,1.8774750385885348,0.23387141036451017,0.9409300909740281,-0.2723332551978209,-0.14160553630421552,0.603448275862069,0.179784476270616,0.07400917308402777,2.0186321227425954,58,2021-12,2026-09
jt-momentum-j3-k3-skip5-top500,most_traded_500,3,3,5,0.20899673101566973,0.08852637014425957,0.12047036087141016,1.734464241185495,0.23623542850780926,0.9258147626729918,-0.2727893244774794,-0.14655113605115855,0.5862068965517241,0.21761784020788788,0.0396313645431956,3.610921133269834,58,2021-12,2026-09
jt-momentum-j3-k3-skip5-all,all_shares,3,3,5,0.18168691558505223,0.08852637014425957,0.09316054544079266,1.3080267741224405,0.23820501287425197,0.8225609153599783,-0.32731714330412276,-0.15390468569772967,0.5172413793103449,0.2050857014695513,0.0015579220716683828,3.6004763306679615,58,2021-12,2026-09
jt-momentum-j3-k3-skip0-all,all_shares,3,3,0,0.17778719792780606,0.08852637014425957,0.08926082778354649,1.2615520561981413,0.2371625121297431,0.8109689736492277,-0.340123426047963,-0.1545961841858188,0.5172413793103449,0.20479113451732633,-0.0049601378678094665,3.547327718215863,58,2021-12,2026-09
